promo_id,promo_name,start_ts,end_ts,discount_pct
PROMO300001,Promo_1,2023-08-27 08:41:49,2025-02-21 20:29:26,42.0
PROMO300002,Promo_2,2024-05-25 17:03:45,2025-08-28 09:16:02,6.16
PROMO300003,Promo_3,2023-03-27 09:23:54,2026-08-01 12:16:37,23.67
PROMO300004,Promo_4,2025-10-30 02:19:57,2024-04-11 17:55:20,29.2
PROMO300005,Promo_5,2024-11-06 11:57:56,2024-10-24 06:55:33,17.73
PROMO300006,Promo_6,2025-07-20 07:20:39,2025-06-15 16:47:10,5.57
PROMO300007,Promo_7,2025-04-09 08:58:43,2025-12-28 15:33:55,32.16
PROMO300008,Promo_8,2024-10-04 05:32:25,2024-06-01 16:53:14,40.93
PROMO300009,Promo_9,2023-07-06 06:40:06,2025-01-24 12:26:25,18.9
PROMO300010,Promo_10,2025-10-08 10:51:32,2026-11-15 20:51:53,13.4
PROMO300011,Promo_11,2025-10-04 04:52:21,2025-10-15 14:31:42,34.44
PROMO300012,Promo_12,2023-03-05 06:02:18,2024-02-24 10:51:15,44.93
PROMO300013,Promo_13,2023-07-05 20:59:09,2024-11-26 02:32:33,16.4
PROMO300014,Promo_14,2023-07-02 15:03:02,2024-12-22 12:45:52,47.13
PROMO300015,Promo_15,2025-02-25 16:23:53,2024-02-17 00:06:15,16.76
PROMO300016,Promo_16,2025-04-17 04:07:04,2024-07-04 05:39:13,20.78
PROMO300017,Promo_17,2023-09-08 04:43:46,2026-04-03 02:38:24,20.55
PROMO300018,Promo_18,2023-05-31 04:23:05,2026-06-17 14:50:12,10.58
PROMO300019,Promo_19,2024-07-14 16:51:13,2024-01-27 23:00:29,28.79
PROMO300020,Promo_20,2023-04-25 01:39:26,2025-12-21 22:53:03,23.02
PROMO300021,Promo_21,2024-10-02 00:47:45,2024-06-21 01:11:23,21.74
PROMO300022,Promo_22,2024-07-19 23:59:01,2025-11-13 10:51:17,27.32
PROMO300023,Promo_23,2024-03-30 07:28:29,2024-03-07 01:02:33,47.36
PROMO300024,Promo_24,2025-05-05 06:09:56,2026-05-26 01:48:37,9.44
PROMO300025,Promo_25,2024-09-06 17:45:31,2026-08-07 15:46:01,8.09
PROMO300026,Promo_26,2025-03-09 00:05:33,2025-06-24 14:58:59,49.36
PROMO300027,Promo_27,2025-07-08 21:35:53,2026-03-10 16:18:09,39.16
PROMO300028,Promo_28,2025-11-11 01:52:01,2026-11-14 16:19:31,6.01
PROMO300029,Promo_29,2025-06-13 03:49:30,2026-09-10 04:04:28,30.79
PROMO300030,Promo_30,2023-08-19 09:53:57,2024-05-29 16:56:03,45.28
PROMO300031,Promo_31,2024-10-20 07:09:03,2026-12-08 02:44:49,26.43
PROMO300032,Promo_32,2025-07-26 02:07:29,2026-04-13 11:09:15,24.32
PROMO300033,Promo_33,2025-09-05 03:07:50,2025-08-08 09:59:40,8.54
PROMO300034,Promo_34,2025-01-20 15:10:39,2025-12-07 12:49:50,40.43
PROMO300035,Promo_35,2025-02-26 05:42:51,2025-03-09 06:50:34,38.62
PROMO300036,Promo_36,2024-09-16 09:59:49,2024-06-03 20:38:19,7.65
PROMO300037,Promo_37,2025-02-14 18:34:51,2025-05-02 23:32:32,16.57
PROMO300038,Promo_38,2024-10-04 01:31:14,2026-04-11 02:42:22,38.52
PROMO300039,Promo_39,2023-03-29 04:32:56,2025-01-24 17:03:50,16.98
PROMO300040,Promo_40,2025-10-03 14:57:22,2025-02-12 10:48:45,8.64
PROMO300041,Promo_41,2024-02-01 08:43:30,2025-02-19 08:48:29,49.39
PROMO300042,Promo_42,2023-01-04 22:28:30,2026-05-23 16:03:08,31.29
PROMO300043,Promo_43,2023-04-08 08:08:00,2025-06-08 01:41:06,43.01
PROMO300044,Promo_44,2025-01-26 17:36:30,2024-03-25 04:33:06,35.24
PROMO300045,Promo_45,2025-07-27 21:50:37,2024-10-14 15:59:11,37.97
PROMO300046,Promo_46,2025-04-08 17:29:48,2026-09-11 21:00:43,16.88
PROMO300047,Promo_47,2025-04-18 06:28:49,2026-03-04 21:44:33,24.31
PROMO300048,Promo_48,2023-02-22 05:21:20,2025-05-30 04:10:19,41.19
PROMO300049,Promo_49,2025-10-07 01:36:55,2024-02-25 18:09:03,11.22
PROMO300050,Promo_50,2025-06-18 07:38:48,2025-02-08 19:10:09,48.82
PROMO300051,Promo_51,2024-09-24 19:19:53,2024-12-17 00:35:20,13.66
PROMO300052,Promo_52,2024-02-05 18:19:58,2024-01-18 02:07:23,48.11
PROMO300053,Promo_53,2025-04-15 07:27:02,2024-12-11 00:00:06,29.2
PROMO300054,Promo_54,2025-04-04 14:57:06,2026-02-05 01:53:12,15.0
PROMO300055,Promo_55,2023-10-12 00:54:48,2025-04-30 10:31:13,15.0
PROMO300056,Promo_56,2023-02-18 19:04:25,2024-05-06 05:36:47,35.93
PROMO300057,Promo_57,2023-02-08 02:58:59,2024-05-29 12:26:38,40.98
PROMO300058,Promo_58,2023-07-26 09:58:35,2025-06-10 07:56:58,41.63
PROMO300059,Promo_59,2024-06-25 11:28:55,2024-05-28 12:37:30,21.0
PROMO300060,Promo_60,2024-10-25 19:22:52,2026-12-25 07:51:18,43.7
PROMO300061,Promo_61,2024-12-17 20:56:45,2025-03-28 02:37:13,14.11
PROMO300062,Promo_62,2025-05-09 13:32:44,2025-08-15 06:50:00,45.09
PROMO300063,Promo_63,2023-01-02 04:56:38,2025-11-21 08:43:32,7.45
PROMO300064,Promo_64,2023-03-06 21:29:32,2024-12-18 15:44:29,25.76
PROMO300065,Promo_65,2025-08-22 14:03:10,2026-01-11 19:29:55,9.26
PROMO300066,Promo_66,2023-06-27 00:58:50,2025-05-12 09:13:48,48.15
PROMO300067,Promo_67,2023-12-11 19:59:05,2025-07-11 07:23:47,45.08
PROMO300068,Promo_68,2025-06-04 00:31:16,2025-11-10 03:12:04,17.5
PROMO300069,Promo_69,2024-03-28 05:10:09,2025-03-01 21:06:56,5.49
PROMO300070,Promo_70,2024-10-12 13:19:43,2024-01-29 04:44:20,20.11
PROMO300071,Promo_71,2025-11-06 17:04:42,2026-08-01 13:51:11,33.19
PROMO300072,Promo_72,2023-07-02 03:48:13,2026-12-13 16:28:24,5.22
PROMO300073,Promo_73,2023-07-26 05:32:58,2025-02-06 03:11:23,45.72
PROMO300074,Promo_74,2023-12-09 19:20:49,2026-10-13 20:42:04,27.14
PROMO300075,Promo_75,2023-01-13 18:53:42,2025-10-05 11:20:20,46.55
PROMO300076,Promo_76,2024-12-29 04:52:01,2026-09-13 19:23:46,15.6
PROMO300077,Promo_77,2024-02-04 01:17:58,2026-12-16 12:53:30,47.59
PROMO300078,Promo_78,2024-10-28 11:04:03,2024-04-22 23:07:10,31.07
PROMO300079,Promo_79,2023-04-24 14:41:39,2024-06-29 07:26:49,41.52
PROMO300080,Promo_80,2023-03-08 13:46:50,2025-06-05 07:33:05,39.81
PROMO300081,Promo_81,2023-11-03 21:03:18,2026-04-30 05:35:51,34.3
PROMO300082,Promo_82,2023-11-17 19:39:22,2025-09-14 19:06:13,5.79
PROMO300083,Promo_83,2025-03-03 03:42:08,2025-03-21 02:21:12,35.1
PROMO300084,Promo_84,2023-01-30 02:59:43,2026-04-04 06:56:40,34.5
PROMO300085,Promo_85,2024-05-10 18:25:18,2026-01-17 05:20:39,12.72
PROMO300086,Promo_86,2024-04-26 03:17:37,2024-08-01 18:01:34,12.96
PROMO300087,Promo_87,2023-01-16 20:49:23,2024-06-12 09:34:28,7.65
PROMO300088,Promo_88,2024-11-18 10:28:49,2024-05-26 20:54:22,44.65
PROMO300089,Promo_89,2025-05-21 22:48:30,2024-09-13 11:16:54,30.57
PROMO300090,Promo_90,2023-12-20 21:22:59,2024-10-29 09:19:44,27.73
PROMO300091,Promo_91,2024-03-30 02:38:09,2025-02-09 03:55:57,11.6
PROMO300092,Promo_92,2023-08-19 04:07:10,2026-01-26 11:11:17,46.49
PROMO300093,Promo_93,2024-05-24 16:33:00,2026-09-14 08:43:41,26.85
PROMO300094,Promo_94,2023-11-28 16:45:57,2026-03-15 09:02:12,29.97
PROMO300095,Promo_95,2024-07-08 09:08:20,2024-07-17 19:01:45,43.28
PROMO300096,Promo_96,2023-08-15 14:01:24,2024-05-24 20:21:51,17.34
PROMO300097,Promo_97,2024-09-16 03:44:29,2025-10-20 05:34:00,29.95
PROMO300098,Promo_98,2023-02-08 07:59:14,2026-06-10 08:43:32,37.36
PROMO300099,Promo_99,2023-03-17 07:40:02,2025-11-06 08:15:18,40.46
PROMO300100,Promo_100,2024-05-10 07:21:27,2026-04-17 09:54:01,24.66
PROMO300101,Promo_101,2023-01-14 06:34:53,2026-09-04 02:15:28,45.88
PROMO300102,Promo_102,2025-11-20 15:59:39,2024-12-21 06:45:21,9.05
PROMO300103,Promo_103,2025-08-14 21:05:33,2024-03-31 22:32:59,32.59
PROMO300104,Promo_104,2025-10-14 13:52:25,2026-06-17 00:46:13,40.87
PROMO300105,Promo_105,2025-06-28 00:40:58,2026-01-18 01:43:22,15.83
PROMO300106,Promo_106,2025-01-04 22:21:17,2026-09-04 19:23:11,36.62
PROMO300107,Promo_107,2024-08-23 08:31:56,2024-11-01 19:31:41,40.57
PROMO300108,Promo_108,2024-11-30 20:22:33,2025-08-17 11:25:11,15.65
PROMO300109,Promo_109,2025-04-07 17:21:43,2024-07-11 04:32:07,23.64
PROMO300110,Promo_110,2023-03-09 06:01:12,2026-04-30 13:04:26,27.85
PROMO300111,Promo_111,2023-05-06 17:32:43,2024-08-21 13:46:39,26.89
PROMO300112,Promo_112,2025-08-22 11:16:54,2026-04-24 07:49:40,30.61
PROMO300113,Promo_113,2024-04-10 09:05:32,2025-01-17 10:11:28,6.61
PROMO300114,Promo_114,2025-11-09 12:47:42,2026-07-26 00:22:23,33.46
PROMO300115,Promo_115,2023-12-01 14:46:38,2024-05-18 17:59:50,19.15
PROMO300116,Promo_116,2023-07-31 19:19:50,2024-07-27 13:57:51,42.61
PROMO300117,Promo_117,2024-07-13 22:23:03,2026-07-14 15:36:09,39.01
PROMO300118,Promo_118,2025-05-15 04:01:54,2024-02-16 07:43:59,28.73
PROMO300119,Promo_119,2023-09-29 04:44:02,2026-05-28 23:32:38,30.93
PROMO300120,Promo_120,2024-09-09 03:35:52,2025-01-22 13:09:11,39.5
PROMO300121,Promo_121,2025-12-29 10:53:24,2024-08-03 17:02:18,46.07
PROMO300122,Promo_122,2023-02-19 14:38:54,2024-11-22 10:57:10,28.87
PROMO300123,Promo_123,2023-09-23 00:13:54,2025-01-22 09:04:18,33.49
PROMO300124,Promo_124,2023-04-03 18:14:14,2024-08-05 07:12:27,26.46
PROMO300125,Promo_125,2023-04-28 06:35:34,2025-10-25 00:39:38,23.69
PROMO300126,Promo_126,2024-06-01 19:42:59,2024-11-27 06:32:07,34.27
PROMO300127,Promo_127,2023-12-21 01:01:27,2024-07-08 08:50:43,7.52
PROMO300128,Promo_128,2025-01-31 03:48:12,2026-06-13 00:10:47,19.13
PROMO300129,Promo_129,2025-12-07 20:10:00,2026-08-23 17:21:01,44.35
PROMO300130,Promo_130,2023-08-25 00:58:46,2024-06-01 07:51:27,8.1
PROMO300131,Promo_131,2023-12-04 11:27:59,2026-06-12 08:58:53,30.27
PROMO300132,Promo_132,2023-02-11 00:30:19,2025-08-07 15:37:10,27.24
PROMO300133,Promo_133,2023-04-15 22:26:37,2026-03-08 16:22:10,40.25
PROMO300134,Promo_134,2023-03-11 03:21:03,2026-03-22 15:21:58,6.32
PROMO300135,Promo_135,2025-01-30 13:44:05,2025-12-03 22:54:54,8.24
PROMO300136,Promo_136,2025-06-08 10:08:13,2025-05-29 00:02:47,44.86
PROMO300137,Promo_137,2025-01-30 13:22:30,2026-04-28 04:07:33,25.08
PROMO300138,Promo_138,2025-08-12 15:03:55,2025-09-08 01:11:05,15.94
PROMO300139,Promo_139,2023-05-30 04:13:55,2025-07-24 09:10:23,19.39
PROMO300140,Promo_140,2024-03-19 22:23:57,2025-12-27 00:42:50,12.9
PROMO300141,Promo_141,2024-11-15 03:37:47,2024-11-05 18:49:15,32.6
PROMO300142,Promo_142,2025-05-07 07:39:51,2025-04-17 23:42:41,41.48
PROMO300143,Promo_143,2025-07-26 13:42:13,2026-05-17 02:29:27,40.56
PROMO300144,Promo_144,2023-02-06 11:56:53,2024-12-25 19:22:25,25.01
PROMO300145,Promo_145,2024-10-15 13:47:58,2026-09-17 22:46:02,5.26
PROMO300146,Promo_146,2025-10-27 16:34:35,2026-01-07 13:14:06,46.04
PROMO300147,Promo_147,2025-10-24 15:04:25,2026-11-02 11:38:14,5.42
PROMO300148,Promo_148,2024-09-29 21:48:49,2025-01-09 05:50:14,16.39
PROMO300149,Promo_149,2024-12-31 19:38:23,2024-06-16 19:53:10,41.58
PROMO300150,Promo_150,2023-04-26 12:34:22,2024-05-03 19:18:48,23.12
PROMO300151,Promo_151,2024-12-22 13:33:56,2024-07-20 10:53:05,13.26
PROMO300152,Promo_152,2023-09-14 12:36:01,2026-09-11 11:38:53,38.79
PROMO300153,Promo_153,2024-02-20 04:06:08,2026-04-14 18:05:41,26.09
PROMO300154,Promo_154,2025-08-05 08:04:37,2024-07-11 06:10:16,36.14
PROMO300155,Promo_155,2024-08-13 03:12:01,2026-03-13 14:08:31,33.85
PROMO300156,Promo_156,2024-05-22 00:12:04,2025-01-10 07:53:45,16.49
PROMO300157,Promo_157,2024-09-08 08:14:27,2025-11-27 18:29:29,7.85
PROMO300158,Promo_158,2023-02-25 20:00:01,2024-02-25 11:38:37,17.59
PROMO300159,Promo_159,2025-04-10 10:09:18,2024-06-23 19:59:08,21.58
PROMO300160,Promo_160,2025-01-31 10:23:37,2026-08-02 21:12:01,37.37
PROMO300161,Promo_161,2025-07-21 08:02:40,2026-09-27 06:34:45,49.31
PROMO300162,Promo_162,2024-10-29 04:48:11,2024-06-08 01:22:49,15.99
PROMO300163,Promo_163,2025-12-28 01:42:42,2025-10-01 09:30:10,47.92
PROMO300164,Promo_164,2024-02-17 19:58:56,2024-08-03 13:31:14,42.75
PROMO300165,Promo_165,2023-02-03 07:28:07,2024-04-27 19:29:18,15.61
PROMO300166,Promo_166,2024-03-27 21:29:23,2024-12-02 15:10:38,22.67
PROMO300167,Promo_167,2025-11-24 03:52:50,2025-12-25 09:54:03,40.2
PROMO300168,Promo_168,2023-09-29 10:37:46,2025-08-19 19:15:39,30.73
PROMO300169,Promo_169,2024-08-31 16:02:33,2026-06-12 23:19:40,37.85
PROMO300170,Promo_170,2024-08-31 03:16:35,2024-10-13 22:50:14,7.81
PROMO300171,Promo_171,2023-11-26 04:44:02,2025-05-24 03:10:09,6.39
PROMO300172,Promo_172,2025-06-11 05:00:08,2025-06-24 13:05:02,9.56
PROMO300173,Promo_173,2023-10-27 06:20:03,2025-08-19 08:53:18,12.06
PROMO300174,Promo_174,2025-01-15 02:49:09,2025-05-10 15:19:00,31.2
PROMO300175,Promo_175,2024-09-05 01:23:37,2026-01-31 01:53:16,48.75
PROMO300176,Promo_176,2025-07-27 23:50:56,2024-12-28 03:57:18,26.1
PROMO300177,Promo_177,2023-10-15 18:06:39,2024-08-19 00:14:56,33.93
PROMO300178,Promo_178,2024-08-11 14:04:02,2026-04-21 17:20:52,17.02
PROMO300179,Promo_179,2024-01-07 07:09:00,2026-09-14 09:43:39,41.73
PROMO300180,Promo_180,2024-07-26 01:34:29,2025-01-04 11:01:00,46.61
PROMO300181,Promo_181,2025-06-20 02:26:40,2026-12-12 12:36:07,42.93
PROMO300182,Promo_182,2024-08-19 16:58:24,2026-12-04 05:05:05,11.44
PROMO300183,Promo_183,2025-10-04 18:55:30,2024-10-16 12:28:41,45.51
PROMO300184,Promo_184,2023-08-08 18:33:46,2024-09-09 16:20:53,5.18
PROMO300185,Promo_185,2024-12-03 11:09:06,2025-08-30 15:43:26,28.35
PROMO300186,Promo_186,2023-02-15 05:56:05,2026-06-19 20:46:43,21.32
PROMO300187,Promo_187,2025-08-09 21:03:00,2024-09-25 05:54:39,39.2
PROMO300188,Promo_188,2025-02-05 17:00:38,2025-04-04 15:16:50,47.14
PROMO300189,Promo_189,2023-02-02 13:22:37,2026-04-18 00:19:22,46.82
PROMO300190,Promo_190,2024-12-07 11:31:05,2026-01-29 17:37:50,38.23
PROMO300191,Promo_191,2024-01-16 12:49:45,2024-06-06 21:37:17,25.63
PROMO300192,Promo_192,2024-12-17 11:50:17,2024-12-04 22:13:36,35.72
PROMO300193,Promo_193,2025-09-01 05:31:12,2024-01-16 21:49:18,20.66
PROMO300194,Promo_194,2024-03-18 07:39:17,2025-02-13 17:18:16,14.94
PROMO300195,Promo_195,2024-03-24 16:59:02,2024-06-05 20:44:14,8.46
PROMO300196,Promo_196,2023-01-05 11:03:25,2025-11-18 18:17:15,21.83
PROMO300197,Promo_197,2025-10-07 05:27:43,2026-05-25 19:13:35,13.6
PROMO300198,Promo_198,2023-08-11 21:24:04,2024-06-25 10:37:09,34.42
PROMO300199,Promo_199,2025-09-01 20:59:41,2024-10-23 21:47:43,33.56
PROMO300200,Promo_200,2025-01-26 19:04:22,2026-04-08 21:10:29,23.48
PROMO300201,Promo_201,2023-01-04 22:35:17,2024-05-19 22:50:05,36.39
PROMO300202,Promo_202,2024-10-01 13:15:17,2024-09-26 09:10:48,48.29
PROMO300203,Promo_203,2025-06-18 05:05:49,2025-02-07 11:32:17,42.75
PROMO300204,Promo_204,2025-01-01 12:32:34,2025-03-19 12:16:57,44.95
PROMO300205,Promo_205,2023-10-28 03:42:48,2026-06-08 13:49:23,30.05
PROMO300206,Promo_206,2025-02-11 17:01:13,2025-06-29 07:56:26,30.78
PROMO300207,Promo_207,2023-10-19 22:45:08,2025-08-09 10:34:09,14.69
PROMO300208,Promo_208,2025-02-11 05:46:06,2024-10-25 00:28:54,14.31
PROMO300209,Promo_209,2024-11-28 03:26:38,2026-04-22 09:43:48,24.88
PROMO300210,Promo_210,2023-03-28 23:20:31,2024-01-07 18:46:36,29.21
PROMO300211,Promo_211,2025-01-19 06:39:48,2026-06-01 22:19:06,9.15
PROMO300212,Promo_212,2023-09-21 09:47:35,2025-04-18 13:05:21,8.1
PROMO300213,Promo_213,2024-12-09 16:42:56,2025-03-14 07:06:19,43.95
PROMO300214,Promo_214,2023-06-05 09:33:36,2024-04-11 12:20:56,10.92
PROMO300215,Promo_215,2023-08-27 22:15:54,2026-07-06 10:15:06,27.29
PROMO300216,Promo_216,2024-09-20 04:29:00,2026-07-19 18:36:24,25.58
PROMO300217,Promo_217,2024-04-20 21:58:18,2026-03-15 12:19:28,36.95
PROMO300218,Promo_218,2025-11-29 18:18:30,2025-02-01 09:37:03,30.99
PROMO300219,Promo_219,2025-08-02 03:15:51,2024-12-09 19:52:44,19.92
PROMO300220,Promo_220,2024-10-22 03:09:24,2025-09-02 14:59:33,34.74
PROMO300221,Promo_221,2023-06-30 00:10:47,2026-12-26 00:57:38,31.05
PROMO300222,Promo_222,2025-12-02 08:02:24,2026-05-05 13:31:44,26.7
PROMO300223,Promo_223,2024-12-24 00:53:26,2026-03-01 21:22:53,42.16
PROMO300224,Promo_224,2023-02-01 00:08:05,2025-05-07 14:08:00,27.63
PROMO300225,Promo_225,2024-09-26 00:16:48,2026-05-24 12:22:05,28.82
PROMO300226,Promo_226,2023-04-10 21:23:28,2025-04-28 03:42:22,28.59
PROMO300227,Promo_227,2023-12-06 00:54:06,2026-07-17 04:35:42,7.14
PROMO300228,Promo_228,2024-06-24 09:44:33,2025-01-11 06:47:13,34.47
PROMO300229,Promo_229,2023-06-26 11:23:16,2024-07-17 00:37:05,20.52
PROMO300230,Promo_230,2025-02-02 16:13:10,2024-03-22 09:51:57,30.74
PROMO300231,Promo_231,2024-07-10 04:24:17,2026-03-03 20:35:52,20.79
PROMO300232,Promo_232,2025-11-23 12:52:24,2025-12-20 19:26:18,32.46
PROMO300233,Promo_233,2024-04-09 01:53:43,2024-11-16 01:26:25,32.57
PROMO300234,Promo_234,2025-03-05 15:19:38,2025-10-28 16:26:41,11.56
PROMO300235,Promo_235,2025-03-20 10:34:00,2024-09-22 00:52:13,7.3
PROMO300236,Promo_236,2024-12-25 12:54:04,2024-03-04 11:15:41,9.29
PROMO300237,Promo_237,2023-06-05 00:38:10,2025-09-22 08:14:45,48.65
PROMO300238,Promo_238,2024-07-21 20:32:36,2025-09-22 19:39:09,15.0
PROMO300239,Promo_239,2024-12-18 20:28:45,2025-10-12 03:12:10,19.97
PROMO300240,Promo_240,2025-03-12 12:36:25,2026-09-14 23:19:00,17.87
PROMO300241,Promo_241,2023-03-26 15:12:37,2024-12-06 03:36:49,38.0
PROMO300242,Promo_242,2025-04-17 15:53:59,2026-02-26 21:23:14,20.84
PROMO300243,Promo_243,2023-04-16 02:48:58,2026-07-28 06:55:31,19.22
PROMO300244,Promo_244,2023-08-11 03:11:58,2024-03-11 02:38:39,27.76
PROMO300245,Promo_245,2023-11-30 04:19:10,2026-01-12 23:48:40,8.65
PROMO300246,Promo_246,2025-10-29 16:38:45,2025-01-03 08:55:23,21.61
PROMO300247,Promo_247,2025-08-30 21:15:51,2025-01-05 13:35:15,44.81
PROMO300248,Promo_248,2023-02-24 13:47:17,2026-09-11 02:50:17,33.27
PROMO300249,Promo_249,2023-08-05 04:34:08,2026-01-09 08:02:21,20.62
PROMO300250,Promo_250,2024-06-23 00:32:56,2026-04-27 05:15:13,9.01
PROMO300251,Promo_251,2024-10-07 08:08:12,2024-08-29 15:58:28,40.51
PROMO300252,Promo_252,2024-08-03 04:46:14,2025-06-23 01:25:34,33.42
PROMO300253,Promo_253,2025-04-05 05:54:56,2026-03-21 03:52:45,47.08
PROMO300254,Promo_254,2024-05-05 06:24:27,2025-12-02 14:32:12,23.46
PROMO300255,Promo_255,2025-04-01 20:27:26,2026-01-12 04:26:00,15.86
PROMO300256,Promo_256,2025-11-21 03:41:07,2026-01-24 17:28:50,34.89
PROMO300257,Promo_257,2025-11-05 01:26:20,2026-10-30 03:56:36,36.7
PROMO300258,Promo_258,2024-10-12 05:46:45,2026-07-14 00:52:17,37.06
PROMO300259,Promo_259,2025-09-07 08:56:15,2026-03-28 20:04:28,29.83
PROMO300260,Promo_260,2024-09-22 01:00:16,2024-10-31 13:27:23,5.37
PROMO300261,Promo_261,2025-02-03 21:32:24,2026-03-01 21:29:58,42.16
PROMO300262,Promo_262,2025-07-26 06:27:48,2026-03-14 15:20:32,6.13
PROMO300263,Promo_263,2024-04-11 13:55:37,2025-10-20 14:22:53,34.58
PROMO300264,Promo_264,2024-03-20 16:14:40,2025-06-29 22:23:53,15.99
PROMO300265,Promo_265,2023-06-01 10:00:37,2024-06-15 06:27:58,10.51
PROMO300266,Promo_266,2023-04-03 20:47:01,2026-08-16 03:28:16,42.86
PROMO300267,Promo_267,2025-11-11 23:26:32,2025-04-26 13:35:18,42.0
PROMO300268,Promo_268,2024-06-10 18:01:45,2025-06-18 14:17:55,15.17
PROMO300269,Promo_269,2025-09-04 13:02:59,2024-12-18 12:02:59,6.83
PROMO300270,Promo_270,2024-08-07 07:34:23,2026-03-30 03:56:35,38.68
PROMO300271,Promo_271,2023-05-27 07:05:30,2025-10-06 21:42:38,43.43
PROMO300272,Promo_272,2025-03-26 00:19:30,2024-09-28 07:04:46,27.16
PROMO300273,Promo_273,2025-06-07 18:38:46,2026-01-28 04:03:24,40.53
PROMO300274,Promo_274,2024-12-22 12:33:12,2025-07-13 06:04:19,39.25
PROMO300275,Promo_275,2025-12-07 20:36:42,2025-06-15 11:42:36,28.11
PROMO300276,Promo_276,2023-01-20 00:40:36,2025-08-10 00:31:49,49.91
PROMO300277,Promo_277,2024-06-03 23:29:33,2024-09-13 00:44:09,20.14
PROMO300278,Promo_278,2023-01-27 07:49:57,2026-11-08 20:55:26,12.24
PROMO300279,Promo_279,2024-09-30 21:06:38,2025-03-22 11:07:01,17.16
PROMO300280,Promo_280,2024-11-06 04:43:19,2024-07-13 21:59:09,33.05
PROMO300281,Promo_281,2025-11-16 10:57:03,2026-10-13 10:58:04,35.86
PROMO300282,Promo_282,2023-05-05 01:02:09,2024-03-13 04:20:54,45.5
PROMO300283,Promo_283,2025-02-19 10:54:34,2025-05-21 22:22:48,13.72
PROMO300284,Promo_284,2024-01-12 01:16:47,2025-07-28 04:34:04,6.48
PROMO300285,Promo_285,2025-12-12 14:44:19,2024-04-08 13:34:03,40.75
PROMO300286,Promo_286,2025-12-25 07:01:53,2025-07-15 05:30:30,43.29
PROMO300287,Promo_287,2025-02-05 17:57:37,2025-08-23 08:54:52,25.86
PROMO300288,Promo_288,2025-01-09 21:19:13,2024-03-12 21:07:38,21.96
PROMO300289,Promo_289,2024-08-01 05:14:09,2024-01-17 15:33:54,20.15
PROMO300290,Promo_290,2023-12-30 21:01:03,2026-11-11 21:01:07,46.07
PROMO300291,Promo_291,2023-08-13 07:50:06,2024-01-28 13:46:41,35.55
PROMO300292,Promo_292,2025-02-19 13:25:26,2024-04-15 23:13:57,39.37
PROMO300293,Promo_293,2023-03-23 18:09:18,2025-01-11 23:29:43,30.3
PROMO300294,Promo_294,2024-02-23 07:19:25,2024-02-21 23:29:17,44.25
PROMO300295,Promo_295,2025-07-25 06:56:00,2025-08-22 07:59:34,15.76
PROMO300296,Promo_296,2025-11-22 01:44:43,2026-12-20 06:41:33,17.85
PROMO300297,Promo_297,2023-08-20 20:15:11,2025-01-04 18:07:51,10.9
PROMO300298,Promo_298,2025-08-18 04:18:40,2026-07-27 21:50:17,9.09
PROMO300299,Promo_299,2023-10-24 22:12:43,2026-11-02 11:20:42,9.87
PROMO300300,Promo_300,2025-11-08 15:19:11,2025-02-24 15:24:50,34.64
PROMO300301,Promo_301,2023-12-09 18:09:23,2026-06-19 23:53:48,45.51
PROMO300302,Promo_302,2025-04-16 16:14:22,2024-12-05 09:58:58,45.96
PROMO300303,Promo_303,2024-08-24 07:11:29,2024-04-11 11:05:04,31.9
PROMO300304,Promo_304,2023-09-25 16:39:45,2025-03-04 02:27:01,13.51
PROMO300305,Promo_305,2023-12-22 23:11:26,2024-05-12 23:04:43,26.44
PROMO300306,Promo_306,2024-04-20 17:00:42,2024-07-31 02:13:46,16.9
PROMO300307,Promo_307,2024-02-13 03:54:57,2024-10-29 18:00:41,25.39
PROMO300308,Promo_308,2024-11-30 13:15:05,2026-05-10 05:06:35,13.87
PROMO300309,Promo_309,2025-01-12 03:16:06,2025-11-24 19:04:41,9.35
PROMO300310,Promo_310,2023-04-22 00:54:27,2025-02-06 20:09:57,20.68
PROMO300311,Promo_311,2023-07-30 21:49:17,2024-04-04 19:29:38,44.63
PROMO300312,Promo_312,2024-05-12 12:36:06,2026-11-15 22:33:37,22.65
PROMO300313,Promo_313,2023-11-23 14:08:52,2026-03-01 12:40:38,37.57
PROMO300314,Promo_314,2025-07-17 03:28:01,2024-06-19 23:56:34,28.8
PROMO300315,Promo_315,2024-07-12 19:27:05,2025-09-03 07:40:56,40.0
PROMO300316,Promo_316,2024-03-06 06:12:40,2024-08-30 03:55:15,24.88
PROMO300317,Promo_317,2023-06-30 09:09:14,2025-04-22 11:22:53,39.47
PROMO300318,Promo_318,2025-05-15 23:28:22,2025-06-06 15:09:13,44.31
PROMO300319,Promo_319,2023-06-07 10:18:37,2025-11-01 13:03:46,26.99
PROMO300320,Promo_320,2023-09-28 02:44:41,2025-09-18 13:31:50,34.01
PROMO300321,Promo_321,2023-03-07 23:31:12,2025-03-30 02:53:04,45.53
PROMO300322,Promo_322,2025-02-03 09:26:33,2024-07-12 15:19:27,26.43
PROMO300323,Promo_323,2023-07-24 21:29:37,2024-08-10 15:47:09,23.93
PROMO300324,Promo_324,2024-04-17 01:58:34,2026-05-11 20:46:46,20.79
PROMO300325,Promo_325,2025-03-29 18:25:07,2026-10-10 19:15:52,31.0
PROMO300326,Promo_326,2023-02-06 10:34:10,2024-07-29 19:44:49,46.84
PROMO300327,Promo_327,2023-05-19 23:49:15,2026-01-08 23:57:40,47.77
PROMO300328,Promo_328,2024-06-08 01:52:16,2025-07-25 06:59:24,39.34
PROMO300329,Promo_329,2023-01-31 23:34:37,2024-03-16 21:04:09,25.64
PROMO300330,Promo_330,2025-06-24 08:10:54,2025-08-01 09:57:24,33.91
PROMO300331,Promo_331,2023-12-08 15:31:57,2024-03-20 10:32:12,47.33
PROMO300332,Promo_332,2025-12-29 02:08:38,2026-11-29 15:41:57,28.03
PROMO300333,Promo_333,2025-02-08 08:43:08,2025-05-29 11:39:02,49.09
PROMO300334,Promo_334,2024-03-30 22:00:48,2026-01-30 18:11:34,36.52
PROMO300335,Promo_335,2024-08-12 18:27:24,2025-08-05 17:58:30,31.74
PROMO300336,Promo_336,2024-07-08 07:48:10,2026-05-03 07:34:44,6.76
PROMO300337,Promo_337,2023-05-29 17:36:44,2026-04-10 01:23:34,40.83
PROMO300338,Promo_338,2024-01-30 06:59:30,2024-04-03 07:44:38,24.85
PROMO300339,Promo_339,2024-07-09 22:51:25,2026-12-10 10:24:31,46.01
PROMO300340,Promo_340,2023-03-08 05:21:38,2026-05-28 01:45:47,45.99
PROMO300341,Promo_341,2023-12-26 04:48:38,2026-09-24 11:37:32,11.21
PROMO300342,Promo_342,2023-10-19 10:40:26,2026-11-07 09:36:02,29.53
PROMO300343,Promo_343,2023-03-21 18:09:22,2024-08-06 19:11:00,26.21
PROMO300344,Promo_344,2024-05-08 04:59:15,2025-09-18 17:07:34,34.17
PROMO300345,Promo_345,2024-08-07 06:12:56,2024-08-15 19:37:48,8.53
PROMO300346,Promo_346,2023-12-10 06:25:04,2024-03-13 02:50:31,36.79
PROMO300347,Promo_347,2025-07-22 10:55:45,2026-12-18 13:35:38,47.56
PROMO300348,Promo_348,2024-02-23 13:12:10,2026-06-14 13:52:37,37.71
PROMO300349,Promo_349,2025-09-06 01:10:51,2025-09-19 08:32:03,48.16
PROMO300350,Promo_350,2023-02-10 13:10:35,2026-04-21 14:35:46,44.19
PROMO300351,Promo_351,2023-03-22 10:07:53,2024-10-30 22:44:27,34.44
PROMO300352,Promo_352,2024-08-10 22:21:30,2025-01-25 08:31:56,48.2
PROMO300353,Promo_353,2023-05-09 06:36:06,2024-08-11 08:31:33,38.22
PROMO300354,Promo_354,2025-02-01 01:50:30,2024-09-30 16:57:24,36.12
PROMO300355,Promo_355,2024-09-20 03:45:02,2026-07-15 11:22:31,47.28
PROMO300356,Promo_356,2024-11-16 08:33:39,2026-11-19 20:31:18,49.4
PROMO300357,Promo_357,2023-12-21 14:19:29,2026-02-17 17:59:28,19.81
PROMO300358,Promo_358,2025-03-30 11:46:40,2026-03-09 16:55:11,33.95
PROMO300359,Promo_359,2023-01-23 12:44:37,2026-08-07 08:24:19,5.85
PROMO300360,Promo_360,2024-09-19 17:22:35,2025-12-27 17:04:50,30.52
PROMO300361,Promo_361,2024-01-05 18:59:22,2026-09-20 00:24:46,8.01
PROMO300362,Promo_362,2023-11-06 01:24:40,2026-08-14 07:54:26,22.81
PROMO300363,Promo_363,2023-03-06 02:27:56,2025-08-13 08:03:30,40.58
PROMO300364,Promo_364,2025-01-20 07:29:28,2026-07-09 10:35:17,28.9
PROMO300365,Promo_365,2025-06-12 06:30:31,2026-08-13 03:25:46,5.87
PROMO300366,Promo_366,2024-02-27 13:07:39,2026-09-22 03:47:32,34.01
PROMO300367,Promo_367,2023-02-02 12:32:37,2026-12-05 01:10:46,36.8
PROMO300368,Promo_368,2023-03-14 20:13:12,2026-04-21 17:21:55,7.96
PROMO300369,Promo_369,2025-06-28 21:27:07,2026-05-23 09:08:29,48.26
PROMO300370,Promo_370,2024-01-27 08:49:39,2024-06-23 07:03:47,19.15
PROMO300371,Promo_371,2023-07-23 21:07:33,2026-02-20 14:09:43,24.23
PROMO300372,Promo_372,2024-11-22 12:30:21,2024-02-05 19:37:53,48.75
PROMO300373,Promo_373,2023-05-14 11:34:56,2024-04-08 14:07:31,21.94
PROMO300374,Promo_374,2024-12-27 05:09:50,2026-11-26 13:25:57,16.75
PROMO300375,Promo_375,2024-11-06 20:05:04,2026-10-26 18:46:03,27.89
PROMO300376,Promo_376,2025-11-01 10:33:52,2026-03-12 11:18:28,6.48
PROMO300377,Promo_377,2024-09-22 22:43:07,2024-06-29 04:30:31,44.17
PROMO300378,Promo_378,2025-04-17 19:30:22,2026-06-18 21:10:05,10.01
PROMO300379,Promo_379,2025-02-07 22:26:35,2024-07-02 21:48:29,14.84
PROMO300380,Promo_380,2023-08-19 01:10:56,2024-03-22 04:42:41,14.42
PROMO300381,Promo_381,2024-04-19 17:22:49,2026-03-13 17:18:54,28.66
PROMO300382,Promo_382,2025-11-15 02:01:58,2025-04-13 10:59:20,13.06
PROMO300383,Promo_383,2025-11-18 18:46:34,2026-09-08 18:32:22,9.6
PROMO300384,Promo_384,2023-01-01 16:00:09,2025-01-18 23:25:46,12.62
PROMO300385,Promo_385,2025-05-15 07:31:58,2026-04-17 20:38:38,9.02
PROMO300386,Promo_386,2023-11-23 14:21:58,2024-09-02 05:17:39,8.09
PROMO300387,Promo_387,2023-11-21 04:48:23,2025-08-01 10:59:50,19.33
PROMO300388,Promo_388,2024-09-23 19:25:41,2025-06-19 17:06:17,44.94
PROMO300389,Promo_389,2024-02-10 19:07:07,2024-01-12 23:03:31,6.09
PROMO300390,Promo_390,2025-07-02 05:15:45,2026-05-16 01:52:42,41.25
PROMO300391,Promo_391,2025-01-04 14:52:48,2024-03-02 03:37:55,37.22
PROMO300392,Promo_392,2025-07-31 08:22:56,2025-11-07 11:28:16,34.86
PROMO300393,Promo_393,2024-05-16 11:47:49,2025-01-15 19:21:11,48.95
PROMO300394,Promo_394,2025-07-31 09:24:59,2024-11-13 06:21:46,20.59
PROMO300395,Promo_395,2025-04-07 18:51:51,2026-03-15 14:54:00,31.01
PROMO300396,Promo_396,2024-06-28 14:23:55,2024-08-25 21:32:49,49.67
PROMO300397,Promo_397,2023-01-05 07:27:03,2025-11-30 06:34:58,12.04
PROMO300398,Promo_398,2024-08-28 20:35:25,2024-02-20 20:25:45,26.2
PROMO300399,Promo_399,2025-07-22 07:13:12,2024-09-30 15:35:16,20.17
PROMO300400,Promo_400,2025-10-20 03:11:23,2025-04-16 23:16:33,11.39
PROMO300401,Promo_401,2025-09-29 21:47:54,2026-12-07 20:08:19,37.84
PROMO300402,Promo_402,2025-05-29 04:12:35,2024-10-11 05:10:48,13.84
PROMO300403,Promo_403,2025-07-03 03:01:48,2024-02-04 17:55:29,22.94
PROMO300404,Promo_404,2023-07-08 23:12:44,2025-03-01 04:54:00,31.28
PROMO300405,Promo_405,2023-05-01 03:54:03,2024-12-01 22:30:06,49.31
PROMO300406,Promo_406,2023-11-23 05:54:14,2024-02-10 13:50:48,10.83
PROMO300407,Promo_407,2023-05-22 10:55:39,2025-01-25 10:32:00,11.13
PROMO300408,Promo_408,2023-12-05 05:25:00,2025-08-18 16:37:49,25.67
PROMO300409,Promo_409,2025-11-09 23:24:13,2026-11-27 05:41:17,29.93
PROMO300410,Promo_410,2023-01-22 23:37:09,2025-02-24 13:23:28,48.34
PROMO300411,Promo_411,2024-02-01 05:15:42,2026-06-04 22:40:29,32.23
PROMO300412,Promo_412,2024-10-22 21:22:19,2025-06-03 18:40:30,26.81
PROMO300413,Promo_413,2023-05-04 15:27:01,2024-04-14 07:07:25,25.67
PROMO300414,Promo_414,2024-07-11 10:31:44,2026-03-30 12:26:11,47.97
PROMO300415,Promo_415,2023-01-09 22:57:26,2024-02-03 13:22:42,15.68
PROMO300416,Promo_416,2025-09-22 11:03:08,2024-01-13 00:45:29,28.06
PROMO300417,Promo_417,2025-07-16 09:08:39,2026-06-06 04:01:26,19.68
PROMO300418,Promo_418,2024-11-16 22:08:15,2025-11-15 14:53:10,30.29
PROMO300419,Promo_419,2024-10-18 07:03:12,2025-07-22 09:31:57,36.55
PROMO300420,Promo_420,2024-01-21 20:11:30,2025-07-29 16:24:46,48.84
PROMO300421,Promo_421,2025-07-20 14:27:37,2026-01-12 00:13:20,7.14
PROMO300422,Promo_422,2025-12-05 03:02:36,2024-10-27 22:01:16,30.41
PROMO300423,Promo_423,2023-05-28 14:31:38,2025-12-21 15:20:53,41.65
PROMO300424,Promo_424,2025-07-26 11:49:22,2024-03-28 20:12:23,7.59
PROMO300425,Promo_425,2023-08-30 13:10:51,2025-04-12 21:30:35,8.92
PROMO300426,Promo_426,2024-02-24 18:03:13,2026-02-24 04:17:00,45.88
PROMO300427,Promo_427,2023-10-07 17:29:35,2025-01-03 21:44:54,34.44
PROMO300428,Promo_428,2023-06-26 15:24:14,2024-04-29 05:48:00,37.07
PROMO300429,Promo_429,2025-04-05 03:57:18,2026-07-21 13:32:29,44.15
PROMO300430,Promo_430,2023-09-26 04:21:59,2025-09-01 17:11:15,18.14
PROMO300431,Promo_431,2023-07-08 04:41:37,2024-04-01 09:38:07,45.43
PROMO300432,Promo_432,2025-07-09 20:17:49,2026-08-08 05:47:30,40.03
PROMO300433,Promo_433,2024-12-18 10:33:53,2026-10-22 00:38:50,38.86
PROMO300434,Promo_434,2023-11-24 01:33:56,2026-11-06 08:01:19,45.86
PROMO300435,Promo_435,2025-09-02 14:51:09,2024-06-23 15:21:14,28.93
PROMO300436,Promo_436,2023-08-25 04:23:14,2026-02-11 20:03:17,18.89
PROMO300437,Promo_437,2024-08-22 18:16:24,2025-11-25 14:56:31,18.77
PROMO300438,Promo_438,2024-08-02 09:58:23,2025-10-21 07:37:33,44.52
PROMO300439,Promo_439,2023-05-16 14:08:25,2026-12-07 10:33:14,45.5
PROMO300440,Promo_440,2023-07-23 10:56:16,2026-03-28 07:10:50,45.13
PROMO300441,Promo_441,2025-07-11 14:07:08,2026-02-24 05:21:39,30.51
PROMO300442,Promo_442,2024-01-30 23:07:57,2025-06-30 14:44:28,20.32
PROMO300443,Promo_443,2023-10-18 14:36:17,2025-07-17 16:11:34,37.85
PROMO300444,Promo_444,2023-03-07 23:04:59,2026-03-30 07:42:07,35.88
PROMO300445,Promo_445,2025-03-27 01:40:48,2026-03-26 15:29:20,20.71
PROMO300446,Promo_446,2024-08-16 03:11:59,2026-03-30 00:07:13,12.16
PROMO300447,Promo_447,2025-12-07 11:38:35,2025-02-19 15:20:44,36.27
PROMO300448,Promo_448,2025-12-12 05:43:02,2024-11-19 08:25:07,22.2
PROMO300449,Promo_449,2024-08-29 00:06:27,2024-02-26 01:36:58,30.31
PROMO300450,Promo_450,2025-09-26 01:13:20,2025-01-30 21:40:30,47.72
PROMO300451,Promo_451,2025-04-11 23:33:54,2025-02-13 23:40:59,32.9
PROMO300452,Promo_452,2024-05-28 05:33:59,2025-08-15 03:07:56,37.47
PROMO300453,Promo_453,2023-10-30 09:20:36,2026-12-11 22:29:29,27.0
PROMO300454,Promo_454,2024-04-27 21:29:45,2025-01-31 02:15:02,30.87
PROMO300455,Promo_455,2023-03-19 16:38:35,2024-02-19 00:19:04,49.76
PROMO300456,Promo_456,2025-10-23 01:36:49,2026-03-18 06:35:36,10.8
PROMO300457,Promo_457,2023-02-28 05:49:48,2026-02-07 00:25:37,13.09
PROMO300458,Promo_458,2023-08-21 13:28:05,2025-04-09 18:42:41,37.29
PROMO300459,Promo_459,2024-01-04 02:39:23,2024-01-04 02:48:23,24.59
PROMO300460,Promo_460,2023-09-01 14:33:43,2024-09-01 03:22:13,21.74
PROMO300461,Promo_461,2024-08-29 17:20:05,2025-10-22 03:29:55,41.92
PROMO300462,Promo_462,2023-05-03 22:08:50,2025-09-16 07:38:18,40.43
PROMO300463,Promo_463,2023-11-10 05:29:29,2025-07-25 19:48:40,10.36
PROMO300464,Promo_464,2025-08-10 05:35:37,2026-01-18 22:14:00,34.96
PROMO300465,Promo_465,2025-09-26 19:42:38,2024-05-28 13:47:00,35.79
PROMO300466,Promo_466,2025-06-11 01:34:48,2025-06-23 06:53:49,11.1
PROMO300467,Promo_467,2025-03-04 23:54:27,2024-11-28 09:22:46,23.99
PROMO300468,Promo_468,2023-09-21 05:30:27,2025-12-06 20:53:47,42.63
PROMO300469,Promo_469,2024-08-05 10:45:32,2026-11-24 07:16:26,41.45
PROMO300470,Promo_470,2025-10-07 18:41:50,2025-02-28 05:01:30,14.74
PROMO300471,Promo_471,2023-03-09 00:39:52,2026-09-21 04:33:38,14.86
PROMO300472,Promo_472,2025-10-07 09:50:54,2026-06-13 02:38:04,17.64
PROMO300473,Promo_473,2024-08-14 10:06:16,2024-03-30 06:45:30,40.71
PROMO300474,Promo_474,2024-06-03 16:29:09,2024-12-01 12:37:41,26.5
PROMO300475,Promo_475,2024-02-17 17:49:29,2024-05-22 13:44:37,40.92
PROMO300476,Promo_476,2023-04-18 13:25:51,2026-02-13 15:53:19,30.23
PROMO300477,Promo_477,2025-01-19 02:55:11,2024-10-22 18:38:12,30.79
PROMO300478,Promo_478,2023-04-11 23:53:12,2025-01-16 07:57:27,22.93
PROMO300479,Promo_479,2024-04-01 10:13:02,2024-08-06 09:23:29,12.81
PROMO300480,Promo_480,2025-09-19 11:56:28,2025-06-18 03:32:44,42.37
PROMO300481,Promo_481,2025-12-26 06:27:59,2024-10-30 19:06:16,21.41
PROMO300482,Promo_482,2025-12-19 19:29:12,2024-03-24 12:36:00,16.66
PROMO300483,Promo_483,2025-05-25 07:41:10,2026-07-16 17:10:52,14.63
PROMO300484,Promo_484,2024-02-21 14:21:18,2024-10-11 06:31:43,43.58
PROMO300485,Promo_485,2023-02-10 00:09:14,2024-01-09 02:04:12,5.17
PROMO300486,Promo_486,2025-01-26 06:45:41,2026-07-05 19:27:05,8.65
PROMO300487,Promo_487,2025-11-15 16:58:38,2025-05-05 13:53:50,8.77
PROMO300488,Promo_488,2025-03-03 05:08:06,2026-05-22 02:21:22,7.59
PROMO300489,Promo_489,2023-06-04 18:31:04,2024-03-18 08:31:18,39.56
PROMO300490,Promo_490,2023-11-01 20:50:44,2026-04-30 17:22:10,10.85
PROMO300491,Promo_491,2025-11-16 02:46:19,2026-09-23 06:51:01,42.47
PROMO300492,Promo_492,2024-01-19 21:59:59,2024-10-04 08:35:32,28.62
PROMO300493,Promo_493,2024-12-22 11:29:56,2026-11-21 19:48:08,27.28
PROMO300494,Promo_494,2023-09-18 18:49:23,2025-04-15 05:01:25,18.83
PROMO300495,Promo_495,2023-12-29 05:07:06,2026-06-09 01:14:25,40.87
PROMO300496,Promo_496,2023-01-30 21:09:09,2024-12-23 05:39:47,34.48
PROMO300497,Promo_497,2025-10-06 04:15:48,2026-07-06 14:10:33,11.12
PROMO300498,Promo_498,2023-11-24 07:32:22,2024-10-21 23:15:37,21.14
PROMO300499,Promo_499,2023-03-04 19:35:40,2024-04-03 23:42:50,49.06
PROMO300500,Promo_500,2024-01-25 04:10:38,2025-04-10 10:58:41,33.76
PROMO300501,Promo_501,2025-10-08 04:18:25,2024-08-01 05:27:58,17.56
PROMO300502,Promo_502,2023-07-20 23:38:54,2025-03-20 09:16:58,14.53
PROMO300503,Promo_503,2025-03-19 14:28:39,2024-10-24 13:46:22,30.7
PROMO300504,Promo_504,2024-07-13 05:33:26,2025-10-31 16:27:42,39.86
PROMO300505,Promo_505,2025-05-03 10:30:53,2026-01-23 18:55:02,25.65
PROMO300506,Promo_506,2025-10-23 22:30:42,2026-12-19 12:58:14,20.99
PROMO300507,Promo_507,2023-02-27 22:13:29,2026-03-08 03:54:39,10.91
PROMO300508,Promo_508,2025-12-25 06:19:07,2026-10-19 20:32:28,45.06
PROMO300509,Promo_509,2023-07-13 07:31:44,2025-02-07 23:59:22,40.69
PROMO300510,Promo_510,2023-06-25 11:55:15,2025-10-15 16:19:01,22.41
PROMO300511,Promo_511,2023-02-19 00:25:22,2026-07-03 13:46:23,34.4
PROMO300512,Promo_512,2024-05-10 08:00:36,2026-07-12 00:40:02,26.4
PROMO300513,Promo_513,2025-01-15 06:04:05,2024-04-14 01:34:04,17.87
PROMO300514,Promo_514,2024-02-28 01:21:14,2025-05-02 14:24:33,27.12
PROMO300515,Promo_515,2024-11-30 17:32:46,2025-12-06 08:26:21,42.83
PROMO300516,Promo_516,2024-07-04 01:34:04,2026-02-20 06:49:59,9.05
PROMO300517,Promo_517,2023-08-25 13:28:12,2025-12-26 18:12:57,24.52
PROMO300518,Promo_518,2024-07-25 04:57:43,2026-10-24 15:50:03,46.58
PROMO300519,Promo_519,2025-11-25 21:14:01,2024-12-10 02:44:40,9.5
PROMO300520,Promo_520,2023-03-07 13:25:15,2025-03-06 18:58:03,30.34
PROMO300521,Promo_521,2023-08-15 17:54:59,2024-09-27 08:21:39,13.76
PROMO300522,Promo_522,2025-01-27 02:28:06,2025-04-04 14:33:37,31.99
PROMO300523,Promo_523,2024-01-26 06:22:51,2025-06-09 05:14:58,37.66
PROMO300524,Promo_524,2024-03-05 04:02:03,2024-04-09 23:47:55,42.49
PROMO300525,Promo_525,2024-05-30 06:01:09,2026-06-03 20:33:27,17.42
PROMO300526,Promo_526,2025-04-21 06:10:06,2025-06-23 07:54:55,42.25
PROMO300527,Promo_527,2025-06-05 16:49:02,2025-08-19 13:22:09,46.73
PROMO300528,Promo_528,2024-07-08 04:19:55,2026-01-06 18:04:12,33.15
PROMO300529,Promo_529,2025-03-27 18:32:25,2024-02-28 22:45:20,39.91
PROMO300530,Promo_530,2023-05-29 17:11:46,2025-04-08 16:22:10,46.23
PROMO300531,Promo_531,2023-07-14 19:27:39,2026-01-20 15:45:31,5.46
PROMO300532,Promo_532,2024-05-08 10:24:36,2026-10-16 05:41:34,30.95
PROMO300533,Promo_533,2025-03-18 10:12:22,2025-02-16 02:32:59,36.03
PROMO300534,Promo_534,2024-04-27 04:17:55,2025-10-19 01:27:01,36.78
PROMO300535,Promo_535,2024-04-12 15:57:36,2026-09-14 17:34:21,18.57
PROMO300536,Promo_536,2023-11-15 02:23:31,2026-03-28 04:01:04,42.67
PROMO300537,Promo_537,2023-11-11 01:28:39,2024-10-09 00:24:11,7.25
PROMO300538,Promo_538,2024-05-31 17:33:48,2024-09-11 08:02:33,43.17
PROMO300539,Promo_539,2023-10-03 22:30:34,2026-02-19 15:25:46,25.44
PROMO300540,Promo_540,2023-05-03 11:42:17,2026-09-01 16:30:12,41.92
PROMO300541,Promo_541,2023-02-24 01:32:26,2026-11-16 21:49:19,33.78
PROMO300542,Promo_542,2025-09-23 15:45:28,2025-08-12 04:35:39,9.24
PROMO300543,Promo_543,2024-04-26 06:05:37,2025-01-19 19:59:44,22.3
PROMO300544,Promo_544,2024-12-28 21:07:42,2024-12-15 23:16:00,48.43
PROMO300545,Promo_545,2023-01-23 05:26:44,2024-08-30 14:18:13,6.86
PROMO300546,Promo_546,2024-11-17 06:48:17,2025-08-21 03:40:08,17.97
PROMO300547,Promo_547,2025-04-20 06:21:44,2025-05-20 12:30:37,8.53
PROMO300548,Promo_548,2023-04-17 15:02:54,2024-08-22 17:00:11,19.02
PROMO300549,Promo_549,2025-04-08 23:46:44,2025-08-15 00:10:17,20.43
PROMO300550,Promo_550,2025-04-01 01:28:00,2026-04-26 22:50:15,39.8
PROMO300551,Promo_551,2023-04-03 15:32:47,2026-11-14 00:57:31,28.38
PROMO300552,Promo_552,2025-12-25 04:56:47,2024-04-09 04:22:33,32.95
PROMO300553,Promo_553,2023-01-12 12:25:03,2025-02-26 01:56:45,38.69
PROMO300554,Promo_554,2024-02-17 11:02:41,2024-04-02 09:53:56,39.55
PROMO300555,Promo_555,2023-06-26 15:59:03,2024-08-11 12:28:47,36.66
PROMO300556,Promo_556,2024-07-25 19:34:54,2026-01-08 19:36:19,35.1
PROMO300557,Promo_557,2023-07-22 22:20:00,2026-07-25 19:48:42,14.84
PROMO300558,Promo_558,2023-04-20 07:51:15,2025-04-08 03:33:32,45.51
PROMO300559,Promo_559,2024-07-11 01:40:24,2025-05-31 06:13:03,44.48
PROMO300560,Promo_560,2023-02-22 15:40:17,2025-03-19 07:42:51,5.99
PROMO300561,Promo_561,2024-07-26 07:18:01,2026-11-05 06:47:35,41.72
PROMO300562,Promo_562,2025-08-01 06:49:49,2025-01-06 11:08:50,30.0
PROMO300563,Promo_563,2025-11-04 08:06:25,2025-02-19 21:28:23,22.04
PROMO300564,Promo_564,2024-03-03 13:34:05,2025-10-31 04:08:08,36.53
PROMO300565,Promo_565,2025-06-12 10:25:33,2026-04-18 13:01:04,29.33
PROMO300566,Promo_566,2023-01-12 18:48:56,2024-02-19 18:55:28,48.69
PROMO300567,Promo_567,2025-05-24 05:26:46,2025-10-19 08:06:07,13.52
PROMO300568,Promo_568,2024-06-26 02:35:47,2024-10-08 03:44:28,19.96
PROMO300569,Promo_569,2024-06-10 00:36:42,2024-12-15 01:25:49,11.19
PROMO300570,Promo_570,2023-07-26 22:55:45,2024-07-31 10:47:14,7.34
PROMO300571,Promo_571,2023-09-26 03:36:13,2024-12-16 15:39:49,23.91
PROMO300572,Promo_572,2023-03-21 23:55:00,2026-09-06 14:32:08,18.81
PROMO300573,Promo_573,2023-11-25 12:31:22,2026-09-11 09:56:49,35.34
PROMO300574,Promo_574,2025-07-06 07:40:00,2025-06-08 07:47:08,15.97
PROMO300575,Promo_575,2024-01-09 06:33:30,2024-04-03 03:14:25,26.96
PROMO300576,Promo_576,2024-09-04 00:24:44,2025-12-27 14:22:46,33.84
PROMO300577,Promo_577,2024-10-04 14:53:22,2025-03-31 05:21:41,17.49
PROMO300578,Promo_578,2025-12-06 21:15:15,2026-07-12 23:13:49,38.15
PROMO300579,Promo_579,2025-09-03 21:34:52,2024-03-18 21:21:52,10.82
PROMO300580,Promo_580,2024-09-20 16:50:57,2025-07-01 19:12:05,37.86
PROMO300581,Promo_581,2024-06-27 13:32:17,2024-03-03 12:51:59,5.48
PROMO300582,Promo_582,2024-07-29 07:22:13,2025-09-09 23:48:37,29.93
PROMO300583,Promo_583,2024-08-14 03:17:58,2025-04-23 06:11:54,40.49
PROMO300584,Promo_584,2023-02-25 05:32:52,2026-04-25 02:47:48,6.57
PROMO300585,Promo_585,2024-12-15 04:33:43,2026-02-09 02:12:40,41.16
PROMO300586,Promo_586,2023-11-04 02:05:30,2025-10-04 05:16:56,17.78
PROMO300587,Promo_587,2023-06-26 13:40:40,2025-11-01 20:13:27,31.61
PROMO300588,Promo_588,2023-04-19 19:51:13,2025-01-25 08:39:27,24.3
PROMO300589,Promo_589,2024-10-15 17:45:56,2024-09-09 19:51:54,43.87
PROMO300590,Promo_590,2023-07-06 21:23:56,2025-09-26 01:00:49,7.71
PROMO300591,Promo_591,2025-04-25 17:54:43,2025-11-10 08:18:41,47.01
PROMO300592,Promo_592,2023-05-27 19:39:58,2025-08-13 06:50:42,41.37
PROMO300593,Promo_593,2025-04-14 10:15:07,2025-03-24 11:36:49,25.73
PROMO300594,Promo_594,2023-02-14 12:12:37,2026-06-21 13:40:23,8.79
PROMO300595,Promo_595,2023-06-28 02:34:16,2026-01-31 00:50:14,20.53
PROMO300596,Promo_596,2024-03-08 22:03:12,2024-12-26 04:45:47,19.25
PROMO300597,Promo_597,2025-03-04 20:36:57,2025-05-02 23:00:44,28.41
PROMO300598,Promo_598,2023-10-21 10:04:55,2025-01-25 05:53:11,17.98
PROMO300599,Promo_599,2024-01-24 06:08:11,2026-12-26 02:17:00,15.76
PROMO300600,Promo_600,2025-12-20 11:27:46,2025-12-19 15:29:52,8.82
PROMO300601,Promo_601,2025-08-07 14:35:59,2025-07-26 22:14:45,37.08
PROMO300602,Promo_602,2024-09-15 17:19:50,2024-06-29 10:11:22,34.8
PROMO300603,Promo_603,2024-07-03 02:49:45,2024-12-01 16:40:58,30.06
PROMO300604,Promo_604,2025-09-04 16:31:32,2025-03-09 17:03:20,33.52
PROMO300605,Promo_605,2024-12-12 16:22:28,2026-11-08 11:52:34,12.86
PROMO300606,Promo_606,2025-08-08 02:51:58,2025-06-19 23:49:01,17.0
PROMO300607,Promo_607,2025-09-15 01:53:15,2026-06-01 17:09:20,5.13
PROMO300608,Promo_608,2025-08-11 06:25:34,2025-06-24 04:38:46,13.8
PROMO300609,Promo_609,2024-11-04 07:04:49,2026-10-09 11:32:37,24.02
PROMO300610,Promo_610,2025-01-29 22:50:52,2026-04-24 04:53:21,10.78
PROMO300611,Promo_611,2024-11-25 00:06:43,2024-10-08 07:33:09,47.66
PROMO300612,Promo_612,2024-08-18 22:50:22,2024-10-01 13:40:52,29.22
PROMO300613,Promo_613,2025-02-15 00:13:37,2025-11-10 22:49:43,22.2
PROMO300614,Promo_614,2023-02-12 09:07:57,2024-02-10 12:35:21,10.4
PROMO300615,Promo_615,2025-10-25 18:18:54,2024-01-05 19:17:39,13.35
PROMO300616,Promo_616,2023-06-03 06:56:18,2024-10-21 13:22:58,25.39
PROMO300617,Promo_617,2025-01-24 19:05:44,2026-01-05 00:28:07,31.18
PROMO300618,Promo_618,2023-02-04 11:19:26,2025-05-21 05:42:43,49.6
PROMO300619,Promo_619,2024-01-07 19:18:54,2025-10-04 22:42:17,47.44
PROMO300620,Promo_620,2024-10-30 02:30:57,2024-02-21 09:43:24,45.74
PROMO300621,Promo_621,2023-12-21 01:45:56,2026-10-09 16:30:03,46.8
PROMO300622,Promo_622,2025-12-03 05:16:34,2025-05-03 12:35:59,9.14
PROMO300623,Promo_623,2024-03-05 16:46:47,2026-10-02 20:39:54,39.73
PROMO300624,Promo_624,2024-05-06 22:12:52,2025-04-28 07:39:03,26.57
PROMO300625,Promo_625,2025-04-25 21:22:54,2024-08-12 11:19:00,24.77
PROMO300626,Promo_626,2024-12-28 07:50:36,2024-06-09 15:55:38,35.49
PROMO300627,Promo_627,2024-03-23 08:21:36,2024-01-01 07:48:36,32.63
PROMO300628,Promo_628,2023-11-23 06:28:49,2026-11-06 10:13:54,47.87
PROMO300629,Promo_629,2025-01-10 08:30:08,2025-03-05 22:13:58,32.64
PROMO300630,Promo_630,2024-02-07 06:20:51,2026-02-03 17:08:46,11.33
PROMO300631,Promo_631,2024-05-29 20:14:59,2024-03-09 11:01:05,32.12
PROMO300632,Promo_632,2023-09-26 02:02:46,2025-11-06 01:54:08,19.78
PROMO300633,Promo_633,2023-09-10 07:45:25,2024-11-07 15:15:27,33.43
PROMO300634,Promo_634,2023-04-20 16:46:51,2026-03-09 15:55:56,12.95
PROMO300635,Promo_635,2023-05-02 23:10:04,2024-10-06 02:48:16,7.59
PROMO300636,Promo_636,2023-08-10 23:41:08,2025-12-18 18:09:24,12.08
PROMO300637,Promo_637,2024-01-18 13:37:27,2026-11-12 11:05:52,23.99
PROMO300638,Promo_638,2025-10-06 01:13:10,2025-07-29 21:31:47,9.7
PROMO300639,Promo_639,2024-10-26 20:23:06,2025-03-14 17:36:01,7.19
PROMO300640,Promo_640,2024-06-09 00:13:52,2024-07-23 11:20:52,46.13
PROMO300641,Promo_641,2024-02-08 06:16:53,2024-04-14 13:05:33,44.7
PROMO300642,Promo_642,2024-10-15 00:46:37,2024-09-14 11:43:57,42.01
PROMO300643,Promo_643,2024-06-30 00:22:15,2025-08-14 22:06:38,21.85
PROMO300644,Promo_644,2023-09-09 02:14:40,2025-01-17 21:42:00,20.99
PROMO300645,Promo_645,2025-12-03 13:59:20,2025-02-15 06:33:00,16.34
PROMO300646,Promo_646,2024-09-10 21:04:14,2024-11-14 23:16:17,11.12
PROMO300647,Promo_647,2024-10-03 07:23:52,2025-11-06 13:44:58,9.63
PROMO300648,Promo_648,2025-09-17 13:28:19,2024-01-09 19:04:42,45.91
PROMO300649,Promo_649,2023-12-19 08:19:40,2026-03-12 15:56:02,41.76
PROMO300650,Promo_650,2023-07-18 08:27:48,2026-12-11 00:05:09,49.89
PROMO300651,Promo_651,2025-07-10 13:36:40,2024-07-27 09:19:06,49.77
PROMO300652,Promo_652,2025-05-13 05:53:30,2026-03-31 10:41:35,19.88
PROMO300653,Promo_653,2024-06-11 19:27:52,2026-03-17 01:40:53,21.35
PROMO300654,Promo_654,2025-10-02 23:16:41,2025-10-20 08:09:56,33.4
PROMO300655,Promo_655,2025-02-11 05:30:23,2024-05-17 21:18:15,23.87
PROMO300656,Promo_656,2024-12-07 16:41:19,2024-01-25 03:15:30,25.23
PROMO300657,Promo_657,2025-02-22 07:31:47,2026-03-02 05:47:25,42.37
PROMO300658,Promo_658,2023-03-21 22:04:09,2026-11-15 07:13:41,16.21
PROMO300659,Promo_659,2024-06-29 22:49:38,2025-03-23 04:46:47,47.86
PROMO300660,Promo_660,2023-07-12 14:43:47,2026-05-26 15:55:21,5.7
PROMO300661,Promo_661,2023-01-17 01:15:20,2025-10-28 16:35:57,9.67
PROMO300662,Promo_662,2023-10-08 12:09:56,2025-06-24 23:15:17,42.85
PROMO300663,Promo_663,2023-04-12 16:24:56,2025-06-22 18:24:24,35.41
PROMO300664,Promo_664,2025-12-16 16:11:11,2025-04-12 15:58:35,28.52
PROMO300665,Promo_665,2024-03-14 01:57:56,2025-06-27 20:18:55,41.84
PROMO300666,Promo_666,2023-12-08 17:45:36,2024-09-19 13:40:07,30.29
PROMO300667,Promo_667,2025-04-29 08:17:12,2026-11-06 00:06:18,32.66
PROMO300668,Promo_668,2024-11-07 14:42:54,2024-01-08 00:17:18,38.29
PROMO300669,Promo_669,2024-02-27 11:46:22,2026-12-25 10:03:35,28.69
PROMO300670,Promo_670,2023-08-30 21:12:54,2026-01-05 11:16:51,20.85
PROMO300671,Promo_671,2025-08-15 22:24:12,2025-07-13 07:27:59,5.05
PROMO300672,Promo_672,2024-09-03 01:26:42,2025-03-08 16:35:50,21.53
PROMO300673,Promo_673,2024-12-05 06:43:27,2026-02-16 10:21:45,13.28
PROMO300674,Promo_674,2025-08-22 09:46:06,2025-08-25 16:46:27,21.16
PROMO300675,Promo_675,2024-02-08 23:42:36,2025-04-18 07:23:32,37.98
PROMO300676,Promo_676,2024-04-11 12:20:09,2026-09-30 12:37:58,46.61
PROMO300677,Promo_677,2025-03-27 14:46:58,2025-02-15 05:01:34,10.19
PROMO300678,Promo_678,2024-05-13 03:30:52,2026-01-23 07:02:40,32.92
PROMO300679,Promo_679,2024-10-28 01:38:33,2024-11-10 06:36:08,47.93
PROMO300680,Promo_680,2025-06-13 01:58:26,2024-07-07 20:53:33,45.38
PROMO300681,Promo_681,2023-02-06 18:18:23,2024-09-27 05:36:47,8.32
PROMO300682,Promo_682,2023-11-03 04:04:34,2025-11-28 22:57:50,39.23
PROMO300683,Promo_683,2024-10-25 19:26:13,2026-03-13 21:59:15,41.52
PROMO300684,Promo_684,2024-11-28 04:53:27,2026-07-24 21:31:41,34.05
PROMO300685,Promo_685,2023-09-09 17:24:55,2026-02-15 00:04:45,40.79
PROMO300686,Promo_686,2023-04-09 20:16:03,2025-05-08 04:47:40,8.23
PROMO300687,Promo_687,2024-07-20 05:55:07,2024-03-03 06:40:14,40.88
PROMO300688,Promo_688,2025-06-25 04:24:41,2025-04-06 06:37:14,14.38
PROMO300689,Promo_689,2025-03-04 22:43:06,2025-05-14 18:48:12,19.17
PROMO300690,Promo_690,2023-12-27 00:26:57,2026-02-23 08:41:08,34.45
PROMO300691,Promo_691,2023-03-19 07:37:57,2026-04-02 18:15:38,18.25
PROMO300692,Promo_692,2024-04-02 11:52:59,2024-03-05 01:53:05,45.67
PROMO300693,Promo_693,2025-06-05 16:59:30,2024-12-16 11:22:52,33.94
PROMO300694,Promo_694,2024-01-05 04:49:25,2025-09-10 18:53:27,34.31
PROMO300695,Promo_695,2023-02-26 23:41:42,2025-04-06 05:05:54,35.82
PROMO300696,Promo_696,2023-08-27 17:37:22,2025-07-31 08:10:36,46.48
PROMO300697,Promo_697,2023-03-27 17:17:00,2025-01-20 21:09:14,31.48
PROMO300698,Promo_698,2025-08-15 10:51:20,2026-04-21 22:18:39,25.31
PROMO300699,Promo_699,2023-05-26 11:52:48,2025-05-29 15:41:59,33.55
PROMO300700,Promo_700,2024-10-30 15:48:06,2025-12-12 22:36:07,28.17
PROMO300701,Promo_701,2024-10-17 04:04:37,2025-10-24 23:10:09,45.46
PROMO300702,Promo_702,2025-01-23 10:03:16,2024-10-19 16:14:05,16.29
PROMO300703,Promo_703,2023-04-15 10:07:40,2025-03-26 22:06:09,25.6
PROMO300704,Promo_704,2023-08-07 03:29:18,2024-03-17 11:53:11,26.66
PROMO300705,Promo_705,2024-06-11 04:30:44,2024-02-16 03:38:58,6.32
PROMO300706,Promo_706,2025-07-08 17:08:37,2025-12-18 11:48:41,36.6
PROMO300707,Promo_707,2025-05-21 10:35:33,2026-06-10 12:50:04,23.68
PROMO300708,Promo_708,2024-05-16 04:00:04,2024-05-30 18:14:02,12.67
PROMO300709,Promo_709,2024-04-22 11:02:57,2026-04-22 15:52:55,14.87
PROMO300710,Promo_710,2023-08-20 16:54:57,2026-02-07 01:44:24,41.49
PROMO300711,Promo_711,2025-07-03 07:30:27,2025-11-13 04:25:14,41.55
PROMO300712,Promo_712,2024-12-31 20:12:26,2024-09-17 22:12:46,44.59
PROMO300713,Promo_713,2023-06-18 06:37:23,2024-02-12 17:09:26,10.36
PROMO300714,Promo_714,2024-04-08 18:03:19,2026-10-18 15:45:50,36.65
PROMO300715,Promo_715,2024-04-25 17:23:26,2024-07-23 05:12:51,17.44
PROMO300716,Promo_716,2023-01-28 03:06:38,2026-11-08 04:28:38,23.09
PROMO300717,Promo_717,2025-12-23 07:26:01,2025-11-04 18:04:21,14.13
PROMO300718,Promo_718,2023-02-03 23:59:57,2026-02-10 16:38:54,11.79
PROMO300719,Promo_719,2025-12-10 00:57:15,2025-12-28 08:48:15,24.25
PROMO300720,Promo_720,2025-08-10 06:12:59,2025-01-25 16:21:37,17.54
PROMO300721,Promo_721,2023-11-23 11:41:25,2026-01-14 04:55:28,7.51
PROMO300722,Promo_722,2023-08-09 10:08:11,2025-08-05 08:23:52,21.25
PROMO300723,Promo_723,2023-12-05 10:08:19,2026-12-06 19:49:19,6.06
PROMO300724,Promo_724,2025-05-26 06:48:12,2024-10-27 20:59:43,36.28
PROMO300725,Promo_725,2025-08-12 06:49:34,2024-09-06 11:07:21,43.01
PROMO300726,Promo_726,2025-05-07 20:22:29,2026-09-21 07:07:01,19.22
PROMO300727,Promo_727,2024-08-24 11:37:15,2024-12-03 20:32:22,33.16
PROMO300728,Promo_728,2023-07-08 18:47:50,2024-08-05 23:32:35,22.89
PROMO300729,Promo_729,2024-06-15 03:34:03,2024-12-30 05:57:14,45.56
PROMO300730,Promo_730,2023-04-18 02:34:03,2024-08-27 10:25:29,6.4
PROMO300731,Promo_731,2025-11-28 21:27:36,2026-09-24 18:15:13,48.38
PROMO300732,Promo_732,2025-07-09 02:20:47,2026-03-09 01:22:06,8.06
PROMO300733,Promo_733,2025-01-27 16:16:10,2024-11-08 20:27:53,42.87
PROMO300734,Promo_734,2024-05-13 05:33:34,2025-03-04 09:18:05,16.96
PROMO300735,Promo_735,2023-04-27 05:22:47,2026-08-04 20:31:58,49.76
PROMO300736,Promo_736,2025-09-10 14:16:07,2025-03-18 22:27:48,11.87
PROMO300737,Promo_737,2024-07-15 17:11:00,2025-07-22 10:14:50,19.19
PROMO300738,Promo_738,2025-06-15 08:56:16,2026-09-08 15:49:28,24.62
PROMO300739,Promo_739,2025-06-28 15:36:43,2024-06-25 02:08:55,42.42
PROMO300740,Promo_740,2024-03-16 16:16:17,2025-09-26 09:05:58,38.54
PROMO300741,Promo_741,2023-06-11 23:07:23,2026-05-20 17:58:36,33.44
PROMO300742,Promo_742,2024-02-05 19:56:04,2025-09-08 03:22:58,43.21
PROMO300743,Promo_743,2024-07-24 22:35:31,2025-05-06 17:50:30,16.81
PROMO300744,Promo_744,2025-02-06 06:55:47,2024-12-05 10:45:39,36.74
PROMO300745,Promo_745,2025-05-27 02:04:18,2025-05-04 02:10:23,26.45
PROMO300746,Promo_746,2025-08-11 01:30:03,2024-11-27 00:20:20,22.89
PROMO300747,Promo_747,2025-10-22 13:51:11,2024-09-18 22:45:47,32.86
PROMO300748,Promo_748,2025-08-30 12:38:53,2024-02-21 23:23:02,12.04
PROMO300749,Promo_749,2023-08-20 11:47:03,2026-12-30 10:44:00,48.79
PROMO300750,Promo_750,2023-06-06 11:22:53,2025-12-18 01:44:38,34.39
PROMO300751,Promo_751,2023-01-19 15:18:39,2024-04-11 14:15:16,28.09
PROMO300752,Promo_752,2023-01-12 11:40:52,2025-11-22 13:09:45,13.61
PROMO300753,Promo_753,2023-04-09 08:20:45,2024-08-18 16:25:16,11.16
PROMO300754,Promo_754,2025-02-05 01:35:45,2025-05-15 01:50:05,23.32
PROMO300755,Promo_755,2023-11-16 12:21:26,2024-01-08 22:56:42,44.78
PROMO300756,Promo_756,2023-04-25 23:29:56,2024-02-17 05:00:13,14.07
PROMO300757,Promo_757,2024-11-01 10:49:44,2025-04-01 11:52:02,31.07
PROMO300758,Promo_758,2025-05-05 04:29:37,2024-03-07 07:49:27,10.53
PROMO300759,Promo_759,2023-07-19 08:44:45,2025-08-19 22:03:05,46.67
PROMO300760,Promo_760,2024-04-11 02:47:45,2026-01-17 09:03:22,49.2
PROMO300761,Promo_761,2025-12-17 13:03:37,2026-12-26 12:32:43,46.0
PROMO300762,Promo_762,2023-05-17 01:55:21,2026-05-13 07:38:28,48.43
PROMO300763,Promo_763,2023-09-24 01:22:52,2026-07-15 22:19:53,6.55
PROMO300764,Promo_764,2024-10-11 21:20:05,2026-04-09 04:16:46,45.01
PROMO300765,Promo_765,2024-04-11 22:38:52,2024-01-27 12:19:20,12.61
PROMO300766,Promo_766,2023-12-02 08:15:01,2024-07-07 05:59:21,7.63
PROMO300767,Promo_767,2025-12-26 01:57:27,2025-06-09 15:46:51,13.83
PROMO300768,Promo_768,2023-08-01 18:24:03,2024-12-21 13:37:07,41.83
PROMO300769,Promo_769,2025-09-11 09:43:03,2026-05-02 00:17:16,14.96
PROMO300770,Promo_770,2025-07-22 10:46:23,2024-06-07 16:55:01,49.69
PROMO300771,Promo_771,2025-06-02 16:28:28,2024-02-11 18:07:57,40.57
PROMO300772,Promo_772,2024-09-20 20:14:41,2024-11-21 06:42:44,25.35
PROMO300773,Promo_773,2025-10-21 19:00:05,2024-06-26 07:30:16,47.16
PROMO300774,Promo_774,2025-03-23 16:13:16,2026-07-07 14:36:45,45.53
PROMO300775,Promo_775,2025-08-25 10:16:16,2024-09-03 05:41:12,40.94
PROMO300776,Promo_776,2024-12-23 19:26:54,2024-06-10 16:43:31,27.9
PROMO300777,Promo_777,2023-02-26 21:24:24,2024-11-04 16:16:22,23.55
PROMO300778,Promo_778,2023-12-11 18:30:21,2026-06-25 08:59:45,18.74
PROMO300779,Promo_779,2024-08-12 00:16:49,2026-01-01 20:41:46,49.07
PROMO300780,Promo_780,2024-02-10 07:45:23,2024-07-14 14:11:01,45.29
PROMO300781,Promo_781,2025-06-04 05:23:54,2025-05-14 02:19:14,16.41
PROMO300782,Promo_782,2025-07-19 02:25:06,2024-11-22 07:22:27,45.41
PROMO300783,Promo_783,2025-11-22 16:17:09,2025-11-12 16:14:44,33.78
PROMO300784,Promo_784,2023-01-14 20:22:51,2025-01-03 20:37:47,15.24
PROMO300785,Promo_785,2025-08-07 09:17:59,2025-10-08 06:45:20,31.94
PROMO300786,Promo_786,2023-07-26 16:49:05,2026-04-21 22:40:17,23.14
PROMO300787,Promo_787,2025-07-28 01:58:50,2026-04-17 07:07:51,35.39
PROMO300788,Promo_788,2025-07-26 08:49:32,2026-04-13 00:47:48,32.93
PROMO300789,Promo_789,2025-07-09 04:45:30,2026-09-23 06:24:31,16.13
PROMO300790,Promo_790,2024-07-04 08:54:58,2025-10-08 22:55:22,13.57
PROMO300791,Promo_791,2024-12-29 07:05:14,2025-10-21 02:28:02,47.78
PROMO300792,Promo_792,2024-05-16 09:40:22,2025-07-30 13:08:38,27.93
PROMO300793,Promo_793,2024-03-14 08:09:03,2025-07-28 06:48:29,43.27
PROMO300794,Promo_794,2023-11-23 12:18:51,2025-12-30 21:00:12,39.48
PROMO300795,Promo_795,2024-04-15 10:33:55,2026-12-18 06:01:37,38.92
PROMO300796,Promo_796,2023-10-09 00:32:45,2026-11-27 16:11:51,17.26
PROMO300797,Promo_797,2025-06-30 00:03:54,2025-03-14 22:11:28,9.63
PROMO300798,Promo_798,2025-03-27 11:34:14,2024-01-26 22:43:11,49.98
PROMO300799,Promo_799,2023-11-13 22:44:44,2025-08-12 19:19:44,36.12
PROMO300800,Promo_800,2025-05-24 19:27:58,2026-10-11 09:29:11,24.1
PROMO300801,Promo_801,2023-05-15 04:00:41,2026-08-22 16:27:43,29.42
PROMO300802,Promo_802,2023-06-28 20:31:27,2025-04-03 19:15:49,32.22
PROMO300803,Promo_803,2025-02-23 04:21:37,2024-11-18 07:32:51,21.18
PROMO300804,Promo_804,2025-10-07 01:03:24,2024-04-28 00:27:22,7.38
PROMO300805,Promo_805,2023-05-11 23:07:51,2024-04-12 05:49:39,39.23
PROMO300806,Promo_806,2024-02-18 19:13:24,2024-05-22 19:02:06,9.6
PROMO300807,Promo_807,2025-11-14 12:43:17,2025-09-12 21:36:20,14.46
PROMO300808,Promo_808,2025-08-31 01:57:40,2025-01-05 18:13:25,10.94
PROMO300809,Promo_809,2024-04-19 12:02:03,2026-02-21 23:15:40,15.73
PROMO300810,Promo_810,2024-04-05 15:57:01,2024-04-30 22:55:50,9.75
PROMO300811,Promo_811,2023-08-14 03:22:55,2025-05-05 06:15:01,35.87
PROMO300812,Promo_812,2023-02-28 05:09:54,2024-09-25 10:36:56,38.17
PROMO300813,Promo_813,2025-04-07 02:51:44,2025-11-09 08:15:53,41.44
PROMO300814,Promo_814,2025-04-03 08:59:05,2026-10-08 10:22:28,26.74
PROMO300815,Promo_815,2023-05-13 20:25:06,2025-06-20 09:55:44,18.61
PROMO300816,Promo_816,2024-04-06 11:10:59,2024-07-23 12:42:04,27.91
PROMO300817,Promo_817,2023-04-27 06:57:56,2025-07-29 12:22:00,27.64
PROMO300818,Promo_818,2024-09-21 04:59:31,2026-09-19 23:49:00,10.11
PROMO300819,Promo_819,2023-06-03 12:43:46,2024-11-01 06:26:38,45.89
PROMO300820,Promo_820,2024-01-08 07:07:46,2025-07-02 10:37:56,36.55
PROMO300821,Promo_821,2025-09-13 21:27:11,2024-03-17 23:13:14,7.58
PROMO300822,Promo_822,2025-08-01 19:52:50,2026-08-17 22:24:25,14.41
PROMO300823,Promo_823,2023-04-28 12:08:45,2024-06-19 16:31:45,41.38
PROMO300824,Promo_824,2024-02-25 23:54:20,2024-01-15 07:57:38,48.29
PROMO300825,Promo_825,2025-12-29 09:00:55,2024-05-29 08:31:40,33.23
PROMO300826,Promo_826,2025-09-20 12:48:55,2024-01-04 21:28:37,35.54
PROMO300827,Promo_827,2024-03-21 20:31:15,2026-10-01 18:04:11,15.67
PROMO300828,Promo_828,2025-06-17 10:08:41,2024-11-25 02:34:52,29.11
PROMO300829,Promo_829,2025-12-10 04:59:13,2025-11-01 10:34:31,30.64
PROMO300830,Promo_830,2025-01-20 21:24:27,2026-10-24 15:59:44,27.09
PROMO300831,Promo_831,2023-07-27 04:11:21,2026-10-10 19:27:50,28.5
PROMO300832,Promo_832,2023-05-29 09:11:07,2026-10-16 11:45:58,14.17
PROMO300833,Promo_833,2024-10-17 15:20:37,2024-12-23 05:33:27,23.95
PROMO300834,Promo_834,2025-02-08 09:36:16,2024-01-16 05:24:33,12.23
PROMO300835,Promo_835,2023-09-14 04:22:25,2024-05-24 21:41:28,49.8
PROMO300836,Promo_836,2023-12-21 12:13:42,2025-04-02 05:55:04,10.5
PROMO300837,Promo_837,2024-08-18 02:16:45,2025-07-07 19:11:58,14.32
PROMO300838,Promo_838,2024-06-10 02:47:26,2024-10-12 13:42:28,7.67
PROMO300839,Promo_839,2025-06-05 22:00:48,2025-02-20 15:30:30,19.28
PROMO300840,Promo_840,2025-09-22 10:57:44,2025-12-28 07:12:35,18.5
PROMO300841,Promo_841,2023-01-06 19:09:57,2026-03-08 01:29:23,15.27
PROMO300842,Promo_842,2025-02-09 15:59:44,2024-02-22 01:24:26,22.12
PROMO300843,Promo_843,2024-10-16 20:42:55,2026-03-06 17:17:53,24.28
PROMO300844,Promo_844,2024-11-02 17:36:30,2025-07-22 16:59:00,29.24
PROMO300845,Promo_845,2025-06-24 08:20:34,2025-02-17 02:02:41,17.16
PROMO300846,Promo_846,2024-09-05 04:01:41,2025-09-23 20:41:45,39.94
PROMO300847,Promo_847,2023-10-28 06:09:42,2026-03-21 03:08:58,5.53
PROMO300848,Promo_848,2024-06-10 17:35:14,2025-04-20 21:01:35,27.54
PROMO300849,Promo_849,2023-04-11 21:15:31,2025-02-15 08:30:47,48.31
PROMO300850,Promo_850,2025-10-13 12:46:22,2024-05-03 06:00:28,32.17
PROMO300851,Promo_851,2023-04-12 01:37:34,2026-04-10 12:52:14,18.57
PROMO300852,Promo_852,2024-04-06 19:48:47,2026-07-07 03:03:44,18.8
PROMO300853,Promo_853,2025-03-11 10:53:21,2026-08-23 17:31:44,18.43
PROMO300854,Promo_854,2024-08-18 23:19:17,2025-08-21 14:58:38,48.58
PROMO300855,Promo_855,2024-05-29 23:01:44,2025-01-01 16:16:00,14.88
PROMO300856,Promo_856,2025-06-11 04:19:51,2024-12-08 11:32:45,6.55
PROMO300857,Promo_857,2025-11-28 11:33:14,2024-09-16 13:51:20,38.06
PROMO300858,Promo_858,2024-12-27 08:24:34,2024-05-01 09:21:16,29.72
PROMO300859,Promo_859,2024-12-31 04:26:24,2025-01-24 01:38:53,6.46
PROMO300860,Promo_860,2024-09-21 09:15:39,2024-08-14 04:51:28,30.74
PROMO300861,Promo_861,2024-07-06 17:27:03,2025-04-30 03:28:30,25.12
PROMO300862,Promo_862,2023-11-19 16:39:21,2025-04-26 07:12:28,8.58
PROMO300863,Promo_863,2023-09-21 04:34:51,2024-12-20 06:44:40,34.39
PROMO300864,Promo_864,2023-07-18 07:04:45,2024-03-17 22:09:32,8.12
PROMO300865,Promo_865,2023-03-18 00:13:16,2024-09-20 05:41:21,25.09
PROMO300866,Promo_866,2024-07-01 10:04:46,2024-03-16 17:28:35,38.92
PROMO300867,Promo_867,2023-11-04 14:06:18,2024-11-30 05:56:32,46.11
PROMO300868,Promo_868,2023-09-06 09:33:25,2026-02-28 03:10:57,21.16
PROMO300869,Promo_869,2025-10-31 00:05:53,2024-03-10 08:19:59,18.34
PROMO300870,Promo_870,2025-06-26 07:08:47,2024-12-08 07:19:11,17.54
PROMO300871,Promo_871,2024-06-16 16:52:22,2024-07-01 10:59:31,16.43
PROMO300872,Promo_872,2025-12-12 20:17:48,2025-12-27 21:22:55,22.07
PROMO300873,Promo_873,2025-02-11 20:39:03,2026-07-10 11:53:40,31.91
PROMO300874,Promo_874,2024-07-31 09:52:59,2026-03-20 12:30:34,31.28
PROMO300875,Promo_875,2025-09-26 04:18:09,2024-07-09 22:55:56,18.34
PROMO300876,Promo_876,2025-05-10 11:04:12,2024-10-21 10:24:27,46.01
PROMO300877,Promo_877,2023-06-04 09:14:46,2025-08-04 16:51:27,41.01
PROMO300878,Promo_878,2024-08-15 04:38:06,2025-08-25 21:09:46,25.99
PROMO300879,Promo_879,2024-03-26 08:34:04,2024-10-18 07:45:09,33.69
PROMO300880,Promo_880,2024-04-06 13:55:03,2026-07-21 09:06:08,10.5
PROMO300881,Promo_881,2023-09-17 14:57:04,2024-11-11 16:36:51,12.6
PROMO300882,Promo_882,2024-04-29 03:04:41,2026-09-18 21:33:32,7.94
PROMO300883,Promo_883,2024-06-12 19:42:11,2024-04-13 16:36:07,19.95
PROMO300884,Promo_884,2024-09-12 08:05:24,2024-04-14 01:39:26,6.33
PROMO300885,Promo_885,2024-11-03 01:35:30,2025-06-08 19:31:55,11.51
PROMO300886,Promo_886,2024-05-26 08:52:37,2024-09-29 01:32:26,29.27
PROMO300887,Promo_887,2024-07-20 09:31:54,2024-05-17 21:11:30,30.37
PROMO300888,Promo_888,2025-07-24 21:35:28,2026-01-05 18:02:01,29.63
PROMO300889,Promo_889,2025-07-09 16:37:19,2024-08-29 09:31:59,48.11
PROMO300890,Promo_890,2025-10-31 18:20:15,2024-11-11 14:56:36,48.18
PROMO300891,Promo_891,2025-10-16 17:09:35,2025-02-15 07:27:06,11.15
PROMO300892,Promo_892,2024-01-21 05:50:11,2025-08-04 08:17:36,9.53
PROMO300893,Promo_893,2023-07-16 03:12:59,2025-08-11 13:47:26,28.93
PROMO300894,Promo_894,2025-07-06 11:54:36,2024-04-16 06:18:56,8.36
PROMO300895,Promo_895,2025-08-07 01:56:22,2025-05-30 05:00:19,29.0
PROMO300896,Promo_896,2025-10-30 03:11:40,2025-08-07 21:56:21,6.33
PROMO300897,Promo_897,2024-04-18 15:05:50,2026-08-25 10:26:03,33.3
PROMO300898,Promo_898,2025-12-19 09:07:58,2024-05-31 18:43:47,5.83
PROMO300899,Promo_899,2024-10-16 03:08:48,2024-12-18 18:30:39,44.54
PROMO300900,Promo_900,2023-01-06 01:47:10,2024-01-18 03:56:22,48.38
PROMO300901,Promo_901,2025-03-23 09:38:36,2024-04-25 22:34:05,39.62
PROMO300902,Promo_902,2025-05-24 04:09:38,2025-02-10 03:22:41,8.43
PROMO300903,Promo_903,2024-11-10 09:43:31,2026-06-18 23:55:39,28.48
PROMO300904,Promo_904,2023-08-15 19:25:32,2025-09-04 23:50:00,21.88
PROMO300905,Promo_905,2023-03-17 20:19:06,2024-01-29 00:03:12,25.46
PROMO300906,Promo_906,2024-11-06 02:17:45,2026-10-09 10:30:45,23.81
PROMO300907,Promo_907,2023-09-27 15:56:58,2024-11-28 13:58:35,12.55
PROMO300908,Promo_908,2024-10-30 02:14:22,2026-10-16 19:33:05,36.4
PROMO300909,Promo_909,2023-11-15 09:48:20,2024-03-10 01:54:51,14.81
PROMO300910,Promo_910,2023-03-04 02:11:57,2025-11-14 20:59:44,15.75
PROMO300911,Promo_911,2024-09-21 11:49:54,2025-06-17 06:26:33,9.45
PROMO300912,Promo_912,2024-06-10 09:55:22,2025-11-05 15:41:09,36.03
PROMO300913,Promo_913,2023-05-05 13:43:24,2025-09-09 12:41:17,35.76
PROMO300914,Promo_914,2024-02-01 10:28:18,2026-06-17 11:59:41,46.52
PROMO300915,Promo_915,2023-05-06 08:30:42,2024-07-14 15:30:23,25.43
PROMO300916,Promo_916,2024-04-05 01:22:15,2026-11-19 18:56:08,10.52
PROMO300917,Promo_917,2024-07-25 12:00:43,2024-02-15 10:44:53,14.34
PROMO300918,Promo_918,2023-10-09 18:22:36,2026-09-17 01:29:40,43.11
PROMO300919,Promo_919,2025-07-26 15:55:19,2026-05-20 16:24:42,49.83
PROMO300920,Promo_920,2025-06-30 08:32:34,2026-12-18 10:39:50,30.92
PROMO300921,Promo_921,2023-05-20 05:36:39,2024-01-25 19:18:31,33.91
PROMO300922,Promo_922,2024-10-23 18:50:09,2025-03-17 09:47:00,26.45
PROMO300923,Promo_923,2024-06-18 19:49:42,2026-02-27 12:45:17,46.51
PROMO300924,Promo_924,2024-03-02 17:27:29,2025-11-20 10:35:29,48.73
PROMO300925,Promo_925,2024-03-13 18:22:11,2024-10-24 02:43:46,36.29
PROMO300926,Promo_926,2024-09-18 14:11:52,2024-12-14 21:40:16,37.5
PROMO300927,Promo_927,2023-11-07 18:40:45,2026-05-09 13:00:01,35.9
PROMO300928,Promo_928,2023-03-15 19:22:33,2025-08-14 18:46:08,47.76
PROMO300929,Promo_929,2023-12-06 15:51:58,2025-07-27 21:28:42,49.88
PROMO300930,Promo_930,2024-10-29 06:48:24,2024-04-03 10:03:50,20.01
PROMO300931,Promo_931,2025-07-02 08:25:15,2024-06-17 08:08:15,8.02
PROMO300932,Promo_932,2025-05-15 07:11:22,2026-05-16 10:13:42,46.77
PROMO300933,Promo_933,2024-10-20 13:28:42,2024-05-04 07:07:36,27.65
PROMO300934,Promo_934,2023-04-13 20:27:20,2024-02-02 23:54:28,9.83
PROMO300935,Promo_935,2023-04-12 12:20:31,2024-12-03 05:50:01,29.97
PROMO300936,Promo_936,2023-10-09 08:00:01,2025-08-05 08:27:43,33.05
PROMO300937,Promo_937,2025-08-04 23:03:00,2024-09-16 11:39:39,30.08
PROMO300938,Promo_938,2023-08-18 03:07:09,2025-03-07 00:19:45,28.04
PROMO300939,Promo_939,2023-02-20 15:55:23,2025-05-31 20:30:49,37.54
PROMO300940,Promo_940,2023-01-13 21:25:07,2025-06-01 10:15:29,33.0
PROMO300941,Promo_941,2023-11-26 13:00:41,2025-10-07 18:58:36,20.63
PROMO300942,Promo_942,2024-08-21 09:47:08,2025-11-25 19:08:59,48.29
PROMO300943,Promo_943,2024-06-11 00:44:40,2026-04-08 19:39:05,43.44
PROMO300944,Promo_944,2024-02-06 16:50:55,2025-03-16 19:42:02,9.9
PROMO300945,Promo_945,2023-10-01 09:02:23,2025-03-03 21:05:02,42.87
PROMO300946,Promo_946,2023-01-24 15:27:09,2026-03-17 07:36:32,38.44
PROMO300947,Promo_947,2023-11-01 00:29:49,2025-01-05 14:16:33,39.65
PROMO300948,Promo_948,2024-12-19 17:22:45,2024-08-24 02:52:44,15.61
PROMO300949,Promo_949,2025-08-27 00:04:41,2025-09-29 23:26:14,39.24
PROMO300950,Promo_950,2024-01-22 16:21:50,2024-07-07 21:36:13,7.89
PROMO300951,Promo_951,2025-01-02 21:58:34,2025-12-26 09:03:17,12.45
PROMO300952,Promo_952,2024-08-27 22:16:49,2024-01-25 05:51:45,26.98
PROMO300953,Promo_953,2025-11-08 08:22:00,2025-12-02 21:34:32,20.53
PROMO300954,Promo_954,2024-06-17 15:50:59,2024-09-28 04:48:20,40.95
PROMO300955,Promo_955,2025-11-06 09:57:45,2024-07-01 13:31:36,49.86
PROMO300956,Promo_956,2024-02-08 10:08:14,2025-11-01 10:09:02,37.6
PROMO300957,Promo_957,2025-03-01 19:34:08,2024-06-01 18:42:35,36.04
PROMO300958,Promo_958,2025-11-01 02:54:36,2026-08-12 09:52:00,20.7
PROMO300959,Promo_959,2025-06-19 23:42:51,2024-08-29 18:49:24,14.99
PROMO300960,Promo_960,2023-10-15 13:52:04,2024-05-13 02:08:14,21.48
PROMO300961,Promo_961,2025-02-17 00:58:41,2024-10-15 11:29:40,6.09
PROMO300962,Promo_962,2024-11-16 18:31:00,2025-07-13 16:42:13,45.95
PROMO300963,Promo_963,2023-12-30 19:19:32,2025-05-19 07:31:36,13.6
PROMO300964,Promo_964,2023-01-18 06:40:00,2024-01-10 07:16:47,10.21
PROMO300965,Promo_965,2024-03-21 06:14:57,2025-04-22 13:56:25,29.28
PROMO300966,Promo_966,2025-03-20 05:00:32,2025-05-05 10:50:25,49.61
PROMO300967,Promo_967,2025-10-30 12:06:41,2026-03-27 06:38:32,21.81
PROMO300968,Promo_968,2024-02-14 12:00:54,2025-01-15 20:33:57,24.3
PROMO300969,Promo_969,2023-05-14 11:31:42,2024-04-06 08:44:00,31.99
PROMO300970,Promo_970,2024-01-02 13:49:27,2026-10-08 20:00:23,34.36
PROMO300971,Promo_971,2025-10-17 05:55:59,2024-06-30 10:38:13,19.32
PROMO300972,Promo_972,2024-04-10 06:04:01,2026-07-11 20:44:01,43.86
PROMO300973,Promo_973,2025-10-05 00:59:47,2026-05-19 11:40:52,10.48
PROMO300974,Promo_974,2024-12-05 06:33:51,2026-01-31 19:54:38,11.4
PROMO300975,Promo_975,2025-09-23 14:33:39,2025-11-08 13:04:02,39.62
PROMO300976,Promo_976,2023-08-11 15:37:41,2024-06-01 03:40:30,18.98
PROMO300977,Promo_977,2023-08-19 21:59:57,2024-12-05 04:01:30,35.36
PROMO300978,Promo_978,2023-04-09 11:10:45,2026-10-07 19:18:51,44.29
PROMO300979,Promo_979,2023-04-28 11:19:59,2026-12-11 13:11:54,45.52
PROMO300980,Promo_980,2023-03-10 02:30:34,2025-04-09 03:47:56,26.5
PROMO300981,Promo_981,2023-06-09 20:38:26,2026-09-15 15:13:57,9.35
PROMO300982,Promo_982,2023-12-11 01:02:28,2026-06-05 04:40:30,21.53
PROMO300983,Promo_983,2023-11-16 04:49:37,2025-10-26 08:00:41,18.37
PROMO300984,Promo_984,2025-01-04 09:02:52,2025-11-10 00:20:21,39.21
PROMO300985,Promo_985,2025-06-14 22:21:09,2025-06-03 01:05:07,49.86
PROMO300986,Promo_986,2025-03-25 22:26:25,2024-05-24 16:06:45,35.72
PROMO300987,Promo_987,2024-05-01 17:46:55,2026-03-01 07:29:50,26.56
PROMO300988,Promo_988,2025-12-20 01:28:13,2026-02-18 15:51:25,11.7
PROMO300989,Promo_989,2024-03-22 23:19:42,2025-02-20 01:30:55,26.27
PROMO300990,Promo_990,2025-06-06 09:21:57,2025-12-03 16:25:00,14.14
PROMO300991,Promo_991,2025-06-20 01:15:27,2025-01-26 18:24:47,5.59
PROMO300992,Promo_992,2023-07-26 04:26:13,2026-01-05 22:19:50,37.26
PROMO300993,Promo_993,2024-11-19 08:25:34,2024-04-29 00:32:42,10.96
PROMO300994,Promo_994,2023-06-29 22:11:27,2025-08-12 01:52:07,24.66
PROMO300995,Promo_995,2024-01-25 07:36:48,2026-01-17 14:46:23,16.36
PROMO300996,Promo_996,2024-12-31 09:53:21,2026-02-11 05:44:33,27.38
PROMO300997,Promo_997,2025-09-13 10:04:31,2024-12-15 08:01:05,30.56
PROMO300998,Promo_998,2023-02-04 23:49:00,2025-04-22 14:49:44,26.79
PROMO300999,Promo_999,2025-02-03 06:46:22,2026-10-15 15:40:22,42.96
PROMO301000,Promo_1000,2024-01-25 06:01:07,2025-01-07 23:52:38,23.43
